<?xml version="1.0" encoding="utf-8"?>
<COLLADA xmlns="http://www.collada.org/2005/11/COLLADASchema" version="1.4.1">
  <asset><contributor><author></author><authoring_tool>FBX COLLADA exporter</authoring_tool><comments></comments></contributor><created>2021-03-26T17:05:19Z</created><keywords></keywords><modified>2021-03-26T17:05:19Z</modified><revision></revision><subject></subject><title></title><unit meter="1.000000" name="centimeter"></unit><up_axis>Y_UP</up_axis></asset>
  <library_images>
    <image id="Map #32-image" name="Map #32"><init_from>file://F:\M n B\_MESH\F mesh\Food Container 4\FoodContainer4TopAlbedo.png</init_from></image>
    <image id="Map #33-image" name="Map #33"><init_from>file://F:\M n B\_MESH\F mesh\Food Container 4\FoodContainer4TopAlbedo.png</init_from></image>
    <image id="Map #36-image" name="Map #36"><init_from>file://F:\M n B\_MESH\F mesh\Food Container 4\Metal.png</init_from></image>
    <image id="Map #34-image" name="Map #34"><init_from>file://F:\M n B\_MESH\F mesh\Food Container 4\FoodContainer4TopRough.png</init_from></image>
    <image id="Map #37-image" name="Map #37"><init_from>file://F:\M n B\_MESH\F mesh\Food Container 4\FoodContainer4Albedo.png</init_from></image>
    <image id="Map #38-image" name="Map #38"><init_from>file://F:\M n B\_MESH\F mesh\Food Container 4\FoodContainer4Albedo.png</init_from></image>
    <image id="Map #41-image" name="Map #41"><init_from>file://F:\M n B\_MESH\F mesh\Food Container 4\Metal.png</init_from></image>
    <image id="Map #39-image" name="Map #39"><init_from>file://F:\M n B\_MESH\F mesh\Food Container 4\FoodContainer4Rough.png</init_from></image>
  </library_images>
  <library_materials>
    <material id="FoodContainer4Top" name="FoodContainer4Top">
      <instance_effect url="#FoodContainer4Top-fx"/>
    </material>
    <material id="FoodContainer4" name="FoodContainer4">
      <instance_effect url="#FoodContainer4-fx"/>
    </material>
  </library_materials>
  <library_effects>
    <effect id="FoodContainer4Top-fx" name="FoodContainer4Top">
      <profile_COMMON>
        <technique sid="standard">
          <phong>
            <emission>
              <color sid="emission">0.000000  0.000000 0.000000 1.000000</color>
            </emission>
            <ambient>
              <texture texture="Map #32-image" texcoord="CHANNEL0">
                <extra>
                  <technique profile="MAYA">
                    <wrapU sid="wrapU0">TRUE</wrapU>
                    <wrapV sid="wrapV0">TRUE</wrapV>
                    <blend_mode>ADD</blend_mode>
                  </technique>
                </extra>
              </texture>
            </ambient>
            <diffuse>
              <texture texture="Map #33-image" texcoord="CHANNEL0">
                <extra>
                  <technique profile="MAYA">
                    <wrapU sid="wrapU0">TRUE</wrapU>
                    <wrapV sid="wrapV0">TRUE</wrapV>
                    <blend_mode>ADD</blend_mode>
                  </technique>
                </extra>
              </texture>
            </diffuse>
            <specular>
              <texture texture="Map #34-image" texcoord="CHANNEL0">
                <extra>
                  <technique profile="MAYA">
                    <wrapU sid="wrapU0">TRUE</wrapU>
                    <wrapV sid="wrapV0">TRUE</wrapV>
                    <blend_mode>ADD</blend_mode>
                  </technique>
                </extra>
              </texture>
            </specular>
            <shininess>
              <float sid="shininess">2.000000</float>
            </shininess>
            <reflective>
              <texture texture="Map #36-image" texcoord="CHANNEL0">
                <extra>
                  <technique profile="MAYA">
                    <wrapU sid="wrapU0">TRUE</wrapU>
                    <wrapV sid="wrapV0">TRUE</wrapV>
                    <blend_mode>ADD</blend_mode>
                  </technique>
                </extra>
              </texture>
            </reflective>
            <reflectivity>
              <float sid="reflectivity">1.000000</float>
            </reflectivity>
            <transparent opaque="RGB_ZERO">
              <color sid="transparent">1.000000  1.000000 1.000000 1.000000</color>
            </transparent>
            <transparency>
              <float sid="transparency">0.000000</float>
            </transparency>
          </phong>
        </technique>
      </profile_COMMON>
    </effect>
    <effect id="FoodContainer4-fx" name="FoodContainer4">
      <profile_COMMON>
        <technique sid="standard">
          <phong>
            <emission>
              <color sid="emission">0.000000  0.000000 0.000000 1.000000</color>
            </emission>
            <ambient>
              <texture texture="Map #37-image" texcoord="CHANNEL0">
                <extra>
                  <technique profile="MAYA">
                    <wrapU sid="wrapU0">TRUE</wrapU>
                    <wrapV sid="wrapV0">TRUE</wrapV>
                    <blend_mode>ADD</blend_mode>
                  </technique>
                </extra>
              </texture>
            </ambient>
            <diffuse>
              <texture texture="Map #38-image" texcoord="CHANNEL0">
                <extra>
                  <technique profile="MAYA">
                    <wrapU sid="wrapU0">TRUE</wrapU>
                    <wrapV sid="wrapV0">TRUE</wrapV>
                    <blend_mode>ADD</blend_mode>
                  </technique>
                </extra>
              </texture>
            </diffuse>
            <specular>
              <texture texture="Map #39-image" texcoord="CHANNEL0">
                <extra>
                  <technique profile="MAYA">
                    <wrapU sid="wrapU0">TRUE</wrapU>
                    <wrapV sid="wrapV0">TRUE</wrapV>
                    <blend_mode>ADD</blend_mode>
                  </technique>
                </extra>
              </texture>
            </specular>
            <shininess>
              <float sid="shininess">2.000000</float>
            </shininess>
            <reflective>
              <texture texture="Map #41-image" texcoord="CHANNEL0">
                <extra>
                  <technique profile="MAYA">
                    <wrapU sid="wrapU0">TRUE</wrapU>
                    <wrapV sid="wrapV0">TRUE</wrapV>
                    <blend_mode>ADD</blend_mode>
                  </technique>
                </extra>
              </texture>
            </reflective>
            <reflectivity>
              <float sid="reflectivity">1.000000</float>
            </reflectivity>
            <transparent opaque="RGB_ZERO">
              <color sid="transparent">1.000000  1.000000 1.000000 1.000000</color>
            </transparent>
            <transparency>
              <float sid="transparency">0.000000</float>
            </transparency>
          </phong>
        </technique>
      </profile_COMMON>
    </effect>
  </library_effects>
  <library_geometries>
    <geometry id="FoodContainer4Top-lib" name="FoodContainer4TopMesh">
      <mesh>
        <source id="FoodContainer4Top-POSITION">
          <float_array id="FoodContainer4Top-POSITION-array" count="552">
-2.162200 3.111900 3.162600
-3.251300 -0.952700 3.162600
-3.475600 -1.017300 3.159900
-2.324100 3.279900 3.159900
-3.065900 -1.272300 3.161700
2.354800 -2.724800 3.161700
2.437200 -2.940300 3.159900
-3.244400 -1.417900 3.159900
-2.097500 3.249500 3.164300
-2.243500 3.443400 3.158400
-3.203400 -1.208400 3.164000
-3.407800 -1.337400 3.158400
-1.841900 3.295900 3.161700
-1.992900 3.309300 3.164000
-2.105400 3.523200 3.158400
-1.923600 3.511200 3.159900
-3.264100 -1.104300 3.164300
-3.487500 -1.199200 3.158400
3.757900 1.988900 3.159900
3.578900 1.843400 3.161700
2.675200 -2.540800 3.162600
3.764300 1.523900 3.162600
3.989100 1.588300 3.159900
2.837700 -2.708900 3.159900
3.716400 1.779500 3.164000
3.921500 1.908300 3.158400
2.505900 -2.738200 3.164000
2.619100 -2.952300 3.158400
3.777100 1.675400 3.164300
4.001100 1.770200 3.158400
2.610500 -2.678400 3.164300
2.757100 -2.872500 3.158400
-3.486100 -1.015500 2.952700
-2.334100 3.283600 2.952700
2.435500 -2.950900 2.952700
-3.248100 -1.428000 2.952700
-2.250400 3.449800 2.952700
-3.414200 -1.344100 2.952700
-2.107600 3.532200 2.952700
-1.921800 3.521800 2.952700
-3.496600 -1.201300 2.952700
3.761800 1.998900 2.952700
3.999700 1.586500 2.952700
2.847800 -2.712700 2.952700
3.927800 1.915100 2.952700
2.621200 -2.961300 2.952700
4.010200 1.772300 2.952700
2.763900 -2.878800 2.952700
-2.139500 3.092100 3.012000
-3.221700 -0.947000 3.012000
-3.038100 -1.264400 3.011200
2.334700 -2.704100 3.011200
-2.075300 3.229000 3.013700
-3.174400 -1.201000 3.013400
-1.821700 3.275200 3.011200
-1.971400 3.288400 3.013400
-3.234600 -1.097600 3.013700
3.551100 1.835600 3.011200
2.652500 -2.521000 3.012000
3.734800 1.518100 3.012000
3.687400 1.772100 3.013400
2.484500 -2.717300 3.013400
3.747500 1.668700 3.013700
2.588200 -2.657800 3.013700
2.407300 -2.433300 3.011200
-2.965600 -0.993600 3.011200
-1.894300 3.004400 3.011200
3.478500 1.564700 3.011200
-3.003200 -1.133900 3.011200
2.369700 -2.573600 3.011200
3.516200 1.705100 3.011200
-1.856700 3.144700 3.011200
-3.503300 -1.012900 3.187500
-3.227700 -0.956700 3.193800
-2.139800 3.103400 3.193700
-2.350500 3.289900 3.187500
2.432900 -2.968000 3.187600
2.358900 -2.699900 3.192000
-3.056900 -1.248700 3.192000
-3.254300 -1.444200 3.187500
-2.082000 3.235100 3.197500
-2.265100 3.463800 3.184300
-3.188300 -1.192800 3.196900
-3.428300 -1.358900 3.184300
-2.112200 3.552100 3.184300
-1.987500 3.288500 3.197000
-1.845900 3.271000 3.192000
-1.919200 3.538900 3.187600
-3.516400 -1.206000 3.184300
-3.243600 -1.099400 3.197600
3.767900 2.015200 3.187500
3.569900 1.819900 3.192000
4.016900 1.583800 3.187500
3.740600 1.527800 3.193800
2.652700 -2.532200 3.193700
2.864100 -2.718900 3.187500
3.701300 1.764000 3.196900
3.941800 1.929800 3.184300
2.625900 -2.981100 3.184300
2.500400 -2.717300 3.197000
3.756600 1.670600 3.197600
4.030100 1.776900 3.184300
2.778700 -2.892800 3.184300
2.595000 -2.664000 3.197500
-3.552800 -1.004900 3.033700
-2.397300 3.307700 3.033600
-2.403900 3.310300 2.957900
-3.559900 -1.003800 2.958000
2.423800 -3.024600 2.958000
2.424900 -3.017500 3.033700
-3.272200 -1.491100 3.033600
-3.274900 -1.497700 2.957900
-2.300200 3.496900 3.032100
-2.304600 3.501200 2.957400
-3.461400 -1.393900 3.032100
-3.465700 -1.398400 2.957400
-2.123400 3.598900 3.032100
-1.911200 3.588400 3.033700
-1.910100 3.595600 2.958000
-2.124900 3.604900 2.957500
-3.563300 -1.217100 3.032100
-3.569300 -1.218600 2.957500
3.785800 2.062000 3.033600
3.788400 2.068700 2.957900
4.066500 1.575800 3.033700
2.910900 -2.736700 3.033600
2.917600 -2.739300 2.957900
4.073500 1.574800 2.958000
3.974900 1.964900 3.032100
3.979200 1.969300 2.957400
2.747300 -3.148400 3.048400
2.607400 -3.141300 3.050000
2.606700 -3.145800 2.974300
2.748300 -3.152300 2.973700
4.076900 1.788000 3.032100
4.082900 1.789500 2.957500
2.863700 -3.082200 3.048300
2.866700 -3.085100 2.973600
2.931800 -2.960600 2.974200
2.927400 -2.958900 3.049900
-2.115100 3.083200 3.041600
-3.196100 -0.951500 3.041600
-3.029000 -1.239100 3.039900
2.339500 -2.677500 3.039900
-2.054900 3.210200 3.041800
-3.155800 -1.179900 3.041000
-1.826500 3.248600 3.039900
-1.965900 3.260800 3.041000
-3.207500 -1.091400 3.041800
3.541900 1.810200 3.039900
2.628100 -2.512000 3.041600
3.709100 1.522600 3.041600
3.668800 1.751000 3.041000
2.478900 -2.689700 3.041000
3.720500 1.662500 3.041800
2.568000 -2.639100 3.041800
-1.894200 3.004200 3.050600
-2.965500 -0.993600 3.050600
2.407200 -2.433100 3.050600
3.478500 1.564700 3.050600
-3.003000 -1.133900 3.050600
2.369500 -2.573500 3.050600
3.516000 1.705000 3.050600
-1.856500 3.144600 3.050600
2.638500 -3.034000 2.957500
2.818200 -2.930200 2.957400
-2.364300 3.295100 3.030300
-3.518000 -1.010500 3.030400
-3.259600 -1.458100 3.030300
2.430400 -2.982600 3.030400
-2.274500 3.472600 3.029100
-3.437000 -1.368200 3.029100
-1.916800 3.553600 3.030400
-2.115100 3.564600 3.029200
-3.528900 -1.208900 3.029200
3.773200 2.029100 3.030300
2.877900 -2.724200 3.030300
4.031500 1.581500 3.030400
3.950700 1.939200 3.029100
2.628800 -2.993600 3.029200
4.042600 1.779900 3.029200
2.788000 -2.901700 3.029100
2.813700 -2.925900 3.032100
2.637000 -3.028000 3.032100
</float_array>
          <technique_common>
            <accessor source="#FoodContainer4Top-POSITION-array" count="184" stride="3">
              <param name="X" type="float"/>
              <param name="Y" type="float"/>
              <param name="Z" type="float"/>
            </accessor>
          </technique_common>
        </source>
        <source id="FoodContainer4Top-Normal0">
          <float_array id="FoodContainer4Top-Normal0-array" count="2184">
0.015500 -0.001100 -0.999900
0.016500 -0.003900 -0.999900
0.011000 0.003700 -0.999900
0.016300 -0.008000 -0.999800
-0.000700 0.013200 -0.999900
0.003900 0.013700 -0.999900
-0.004600 0.006600 -1.000000
0.006800 0.015100 -0.999900
0.014900 -0.013000 -0.999800
0.015500 -0.001100 -0.999900
0.016300 -0.008000 -0.999800
0.013700 -0.019500 -0.999700
0.009300 0.016800 -0.999800
-0.000700 0.013200 -0.999900
0.006800 0.015100 -0.999900
0.019100 0.014100 -0.999700
-0.003900 -0.013700 -0.999900
-0.005900 -0.029800 -0.999500
0.006300 -0.018700 -0.999800
0.004600 -0.006600 -1.000000
-0.005900 -0.029800 -0.999500
0.014900 -0.013000 -0.999800
0.013700 -0.019500 -0.999700
0.006300 -0.018700 -0.999800
0.016500 -0.003900 -0.999900
0.026600 -0.001700 -0.999600
0.019900 0.006800 -0.999800
0.011000 0.003700 -0.999900
0.026600 -0.001700 -0.999600
0.009300 0.016800 -0.999800
0.019100 0.014100 -0.999700
0.019900 0.006800 -0.999800
-0.003900 -0.013700 -0.999900
0.004600 -0.006600 -1.000000
-0.006800 -0.015100 -0.999900
0.000700 -0.013200 -0.999900
-0.015500 0.001100 -0.999900
-0.016400 0.003900 -0.999900
-0.010900 -0.003700 -0.999900
-0.016200 0.008000 -0.999800
-0.009200 -0.016800 -0.999800
0.000700 -0.013200 -0.999900
-0.006800 -0.015100 -0.999900
-0.019100 -0.014100 -0.999700
0.003900 0.013700 -0.999900
0.006000 0.029800 -0.999500
-0.006300 0.018600 -0.999800
-0.004600 0.006600 -1.000000
-0.026500 0.001600 -0.999600
-0.009200 -0.016800 -0.999800
-0.019100 -0.014100 -0.999700
-0.019800 -0.006800 -0.999800
-0.016400 0.003900 -0.999900
-0.026500 0.001600 -0.999600
-0.019800 -0.006800 -0.999800
-0.010900 -0.003700 -0.999900
0.006000 0.029800 -0.999500
-0.014800 0.013000 -0.999800
-0.013700 0.019400 -0.999700
-0.006300 0.018600 -0.999800
-0.014800 0.013000 -0.999800
-0.015500 0.001100 -0.999900
-0.016200 0.008000 -0.999800
-0.013700 0.019400 -0.999700
0.934700 -0.351800 -0.051300
0.985800 -0.160800 -0.049400
0.986000 -0.158400 -0.051300
0.933900 -0.354100 -0.049400
0.160800 0.985700 -0.049600
0.158100 0.986100 -0.051800
0.354200 0.933900 -0.049600
0.351600 0.934700 -0.051800
0.728200 -0.683700 -0.047700
0.934700 -0.351800 -0.051300
0.933900 -0.354100 -0.049400
0.726200 -0.686000 -0.045500
0.684000 0.727900 -0.047500
0.351600 0.934700 -0.051800
0.354200 0.933900 -0.049600
0.686300 0.725900 -0.045300
-0.160700 -0.985800 -0.049600
0.226200 -0.973000 -0.045300
0.229300 -0.972200 -0.047500
-0.158100 -0.986100 -0.051800
0.226200 -0.973000 -0.045300
0.728200 -0.683700 -0.047700
0.726200 -0.686000 -0.045500
0.229300 -0.972200 -0.047500
0.985800 -0.160800 -0.049400
0.973000 0.226200 -0.045500
0.972200 0.229200 -0.047700
0.986000 -0.158400 -0.051300
0.973000 0.226200 -0.045500
0.684000 0.727900 -0.047500
0.686300 0.725900 -0.045300
0.972200 0.229200 -0.047700
-0.351600 -0.934700 -0.051800
-0.160700 -0.985800 -0.049600
-0.158100 -0.986100 -0.051800
-0.354200 -0.933900 -0.049600
-0.934700 0.351600 -0.051800
-0.985700 0.160800 -0.049600
-0.986100 0.158100 -0.051800
-0.933900 0.354100 -0.049600
-0.684000 -0.727900 -0.047500
-0.351600 -0.934700 -0.051800
-0.354200 -0.933900 -0.049600
-0.686400 -0.725800 -0.045200
0.160800 0.985700 -0.049600
-0.226300 0.973000 -0.045200
-0.229500 0.972100 -0.047500
0.158100 0.986100 -0.051800
-0.973100 -0.225900 -0.045200
-0.684000 -0.727900 -0.047500
-0.686400 -0.725800 -0.045200
-0.972300 -0.229100 -0.047500
-0.985700 0.160800 -0.049600
-0.973100 -0.225900 -0.045200
-0.972300 -0.229100 -0.047500
-0.986100 0.158100 -0.051800
-0.226300 0.973000 -0.045200
-0.728200 0.683700 -0.047500
-0.726100 0.686100 -0.045200
-0.229500 0.972100 -0.047500
-0.728200 0.683700 -0.047500
-0.934700 0.351600 -0.051800
-0.933900 0.354100 -0.049600
-0.726100 0.686100 -0.045200
-0.969100 0.163900 -0.184200
-0.921400 0.342400 -0.183900
-0.924400 0.334300 -0.183600
-0.967800 0.172500 -0.183400
-0.163400 -0.980100 -0.113000
-0.348600 -0.930400 -0.113100
-0.332000 -0.936800 -0.110300
-0.181000 -0.977300 -0.110300
-0.921400 0.342400 -0.183900
-0.719200 0.666300 -0.196900
-0.720700 0.664600 -0.197400
-0.924400 0.334300 -0.183600
-0.348600 -0.930400 -0.113100
-0.680700 -0.713500 -0.166100
-0.649200 -0.743400 -0.161200
-0.332000 -0.936800 -0.110300
-0.232500 0.958400 -0.165800
0.163300 0.980100 -0.113100
0.180900 0.977300 -0.110300
-0.190300 0.968400 -0.161500
-0.719200 0.666300 -0.196900
-0.232500 0.958400 -0.165800
-0.190300 0.968400 -0.161500
-0.720700 0.664600 -0.197400
-0.955900 -0.217500 -0.197400
-0.969100 0.163900 -0.184200
-0.967800 0.172500 -0.183400
-0.956500 -0.215200 -0.196900
-0.680700 -0.713500 -0.166100
-0.955900 -0.217500 -0.197400
-0.956500 -0.215200 -0.196900
-0.649200 -0.743400 -0.161200
0.163300 0.980100 -0.113100
0.348600 0.930400 -0.113100
0.331900 0.936800 -0.110300
0.180900 0.977300 -0.110300
0.969200 -0.164000 -0.183600
0.921400 -0.342600 -0.183500
0.924400 -0.334600 -0.183000
0.967900 -0.172400 -0.182900
0.348600 0.930400 -0.113100
0.680800 0.713300 -0.166200
0.649300 0.743200 -0.161200
0.331900 0.936800 -0.110300
0.232800 -0.958300 -0.165800
-0.163400 -0.980100 -0.113000
-0.181000 -0.977300 -0.110300
0.190500 -0.968300 -0.161500
0.680800 0.713300 -0.166200
0.956000 0.217300 -0.197200
0.956500 0.215300 -0.196900
0.649300 0.743200 -0.161200
0.956000 0.217300 -0.197200
0.969200 -0.164000 -0.183600
0.967900 -0.172400 -0.182900
0.956500 0.215300 -0.196900
0.719400 -0.666100 -0.196900
0.232800 -0.958300 -0.165800
0.190500 -0.968300 -0.161500
0.720800 -0.664500 -0.197200
0.921400 -0.342600 -0.183500
0.719400 -0.666100 -0.196900
0.720800 -0.664500 -0.197200
0.924400 -0.334600 -0.183000
0.002200 -0.001700 -1.000000
-0.001500 0.000400 -1.000000
-0.002200 0.001700 -1.000000
0.001500 -0.000400 -1.000000
0.006800 -0.001800 -1.000000
-0.006800 0.001800 -1.000000
-0.004700 -0.000500 -1.000000
0.005600 -0.002100 -1.000000
-0.006800 0.001800 -1.000000
0.006800 -0.001800 -1.000000
0.004700 0.000500 -1.000000
-0.005600 0.002100 -1.000000
0.005600 -0.002100 -1.000000
-0.004700 -0.000500 -1.000000
-0.001500 0.000400 -1.000000
0.002200 -0.001700 -1.000000
-0.005600 0.002100 -1.000000
0.004700 0.000500 -1.000000
0.001500 -0.000400 -1.000000
-0.002200 0.001700 -1.000000
-0.005600 0.002100 -1.000000
-0.004500 0.009000 -0.999900
-0.010000 0.007300 -0.999900
-0.006800 0.001800 -1.000000
-0.002200 0.001700 -1.000000
-0.001000 0.006300 -1.000000
-0.004500 0.009000 -0.999900
-0.005600 0.002100 -1.000000
-0.001500 0.000400 -1.000000
-0.006000 -0.002700 -1.000000
-0.001000 0.006300 -1.000000
-0.002200 0.001700 -1.000000
-0.004700 -0.000500 -1.000000
-0.012100 -0.007900 -0.999900
-0.006000 -0.002700 -1.000000
-0.001500 0.000400 -1.000000
-0.004700 -0.000500 -1.000000
-0.006800 0.001800 -1.000000
-0.012300 -0.001300 -0.999900
-0.012100 -0.007900 -0.999900
0.005600 -0.002100 -1.000000
0.004500 -0.009000 -0.999900
0.010000 -0.007300 -0.999900
0.006800 -0.001800 -1.000000
0.002200 -0.001700 -1.000000
0.001000 -0.006300 -1.000000
0.004500 -0.009000 -0.999900
0.005600 -0.002100 -1.000000
0.001500 -0.000400 -1.000000
0.006000 0.002700 -1.000000
0.001000 -0.006300 -1.000000
0.002200 -0.001700 -1.000000
0.004700 0.000500 -1.000000
0.012100 0.007900 -0.999900
0.006000 0.002700 -1.000000
0.001500 -0.000400 -1.000000
0.004700 0.000500 -1.000000
0.006800 -0.001800 -1.000000
0.012300 0.001300 -0.999900
0.012100 0.007900 -0.999900
-0.021400 -0.007100 0.999700
-0.032000 0.009300 0.999400
-0.029800 -0.000500 0.999600
-0.029500 0.015200 0.999400
0.008900 -0.014000 0.999900
-0.009800 -0.027600 0.999600
0.003800 -0.026900 0.999600
-0.013400 -0.027500 0.999500
-0.029500 0.015200 0.999400
-0.029800 -0.000500 0.999600
-0.028400 0.021500 0.999400
-0.025200 0.036400 0.999000
-0.013400 -0.027500 0.999500
0.003800 -0.026900 0.999600
-0.013400 -0.033300 0.999400
-0.035900 -0.026000 0.999000
-0.012100 0.034100 0.999300
0.016000 0.056600 0.998300
0.009800 0.027600 0.999600
-0.008800 0.014000 0.999900
-0.025200 0.036400 0.999000
-0.028400 0.021500 0.999400
0.016000 0.056600 0.998300
-0.012100 0.034100 0.999300
-0.036500 -0.013000 0.999200
-0.049800 0.006300 0.998700
-0.032000 0.009300 0.999400
-0.021400 -0.007100 0.999700
-0.035900 -0.026000 0.999000
-0.013400 -0.033300 0.999400
-0.049800 0.006300 0.998700
-0.036500 -0.013000 0.999200
0.013400 0.027500 0.999500
-0.008800 0.014000 0.999900
0.009800 0.027600 0.999600
-0.003800 0.026900 0.999600
0.021400 0.007100 0.999700
0.032000 -0.009300 0.999400
0.029800 0.000500 0.999600
0.029500 -0.015200 0.999500
0.013400 0.027500 0.999500
-0.003800 0.026900 0.999600
0.013400 0.033300 0.999400
0.035900 0.025900 0.999000
0.012100 -0.034100 0.999300
-0.016100 -0.056700 0.998300
-0.009800 -0.027600 0.999600
0.008900 -0.014000 0.999900
0.035900 0.025900 0.999000
0.013400 0.033300 0.999400
0.049700 -0.006300 0.998700
0.036400 0.013000 0.999300
0.036400 0.013000 0.999300
0.049700 -0.006300 0.998700
0.032000 -0.009300 0.999400
0.021400 0.007100 0.999700
0.025200 -0.036400 0.999000
0.028300 -0.021500 0.999400
-0.016100 -0.056700 0.998300
0.012100 -0.034100 0.999300
0.029500 -0.015200 0.999500
0.029800 0.000500 0.999600
0.028300 -0.021500 0.999400
0.025200 -0.036400 0.999000
-0.983600 0.154200 0.094000
-0.929000 0.358400 0.092700
-0.928800 0.359300 0.091200
-0.983900 0.153300 0.092400
-0.257700 -0.961700 0.093400
-0.257700 -0.961700 0.093400
-0.358300 -0.928900 0.094100
-0.359400 -0.928600 0.092500
-0.928800 0.359300 0.091200
-0.929000 0.358400 0.092700
-0.720700 0.688100 0.083900
-0.719800 0.689300 0.082400
-0.359400 -0.928600 0.092500
-0.358300 -0.928900 0.094100
-0.688500 -0.720300 0.084100
-0.689700 -0.719400 0.082400
-0.235800 0.968100 0.084300
0.154200 0.983400 0.095300
0.153200 0.983800 0.093600
-0.237400 0.967900 0.082500
-0.720700 0.688100 0.083900
-0.235800 0.968100 0.084300
-0.237400 0.967900 0.082500
-0.719800 0.689300 0.082400
-0.968300 -0.235200 0.084100
-0.983600 0.154200 0.094000
-0.983900 0.153300 0.092400
-0.968000 -0.236900 0.082500
-0.688500 -0.720300 0.084100
-0.968300 -0.235200 0.084100
-0.968000 -0.236900 0.082500
-0.689700 -0.719400 0.082400
0.154200 0.983400 0.095300
0.358400 0.928800 0.094000
0.359300 0.928600 0.092400
0.153200 0.983800 0.093600
0.983600 -0.154200 0.094000
0.961700 -0.257700 0.093400
0.961700 -0.257700 0.093400
0.983900 -0.153300 0.092400
0.359300 0.928600 0.092400
0.358400 0.928800 0.094000
0.688400 0.720400 0.084100
0.689600 0.719500 0.082400
0.231300 -0.971300 0.055400
-0.050300 -0.996900 0.060700
-0.048800 -0.997100 0.057800
0.234000 -0.970700 0.054000
0.688400 0.720400 0.084100
0.968200 0.235400 0.084100
0.968000 0.237100 0.082500
0.689600 0.719500 0.082400
0.968200 0.235400 0.084100
0.983600 -0.154200 0.094000
0.983900 -0.153300 0.092400
0.968000 0.237100 0.082500
0.719400 -0.692400 0.056400
0.231300 -0.971300 0.055400
0.234000 -0.970700 0.054000
0.717900 -0.694000 0.055000
0.885900 -0.460100 0.059100
0.886500 -0.458600 0.061900
0.719400 -0.692400 0.056400
0.717900 -0.694000 0.055000
0.922100 -0.335000 0.193700
0.920400 -0.336200 0.199700
0.965200 -0.175600 0.193900
0.963900 -0.176500 0.199400
0.332000 0.935500 0.120700
0.339900 0.931500 0.130000
0.179900 0.976200 0.120800
0.186700 0.974200 0.126500
0.718300 -0.658600 0.224300
0.719100 -0.656100 0.229200
0.920400 -0.336200 0.199700
0.922100 -0.335000 0.193700
0.641600 0.743800 0.187400
0.665700 0.718900 0.199900
0.339900 0.931500 0.130000
0.332000 0.935500 0.120700
-0.186700 -0.974200 0.126500
-0.179900 -0.976200 0.120800
0.221900 -0.955800 0.192800
0.190100 -0.961700 0.197500
0.190100 -0.961700 0.197500
0.221900 -0.955800 0.192800
0.719100 -0.656100 0.229200
0.718300 -0.658600 0.224300
0.963900 -0.176500 0.199400
0.965200 -0.175600 0.193900
0.950500 0.214000 0.225200
0.948700 0.217300 0.229800
0.948700 0.217300 0.229800
0.950500 0.214000 0.225200
0.665700 0.718900 0.199900
0.641600 0.743800 0.187400
-0.332000 -0.935500 0.120700
-0.339900 -0.931500 0.130000
-0.179900 -0.976200 0.120800
-0.186700 -0.974200 0.126500
-0.922200 0.334600 0.193700
-0.920400 0.336100 0.199600
-0.965200 0.175500 0.193900
-0.963900 0.176500 0.199400
-0.641600 -0.743800 0.187400
-0.665700 -0.718900 0.199900
-0.339900 -0.931500 0.130000
-0.332000 -0.935500 0.120700
0.186700 0.974200 0.126500
0.179900 0.976200 0.120800
-0.221900 0.955800 0.192800
-0.190000 0.961800 0.197400
-0.948700 -0.217300 0.229800
-0.950500 -0.214000 0.225200
-0.665700 -0.718900 0.199900
-0.641600 -0.743800 0.187400
-0.963900 0.176500 0.199400
-0.965200 0.175500 0.193900
-0.950500 -0.214000 0.225200
-0.948700 -0.217300 0.229800
-0.190000 0.961800 0.197400
-0.221900 0.955800 0.192800
-0.719000 0.656200 0.228800
-0.718300 0.658700 0.224000
-0.718300 0.658700 0.224000
-0.719000 0.656200 0.228800
-0.920400 0.336100 0.199600
-0.922200 0.334600 0.193700
-0.018900 0.005600 0.999800
-0.018600 0.005000 0.999800
0.018900 -0.005600 0.999800
0.018600 -0.005000 0.999800
-0.026100 -0.039700 0.998900
-0.029700 -0.093900 0.995100
-0.021200 -0.096200 0.995100
0.003500 -0.047100 0.998900
0.026100 0.039700 0.998900
0.029700 0.093900 0.995100
0.021200 0.096200 0.995100
-0.003500 0.047100 0.998900
-0.018600 0.005000 0.999800
-0.026100 -0.039700 0.998900
0.003500 -0.047100 0.998900
0.018900 -0.005600 0.999800
0.018600 -0.005000 0.999800
0.026100 0.039700 0.998900
-0.003500 0.047100 0.998900
-0.018900 0.005600 0.999800
-0.012900 0.070300 0.997400
-0.033100 0.028700 0.999000
-0.003500 0.047100 0.998900
0.021200 0.096200 0.995100
-0.033100 0.028700 0.999000
-0.036200 0.012500 0.999300
-0.018900 0.005600 0.999800
-0.003500 0.047100 0.998900
-0.036200 0.012500 0.999300
-0.038600 0.008400 0.999200
-0.018600 0.005000 0.999800
-0.018900 0.005600 0.999800
-0.038600 0.008400 0.999200
-0.045000 -0.009600 0.998900
-0.026100 -0.039700 0.998900
-0.018600 0.005000 0.999800
-0.046300 -0.054400 0.997400
-0.029700 -0.093900 0.995100
-0.026100 -0.039700 0.998900
-0.045000 -0.009600 0.998900
0.012900 -0.070300 0.997400
0.033000 -0.028700 0.999000
0.003500 -0.047100 0.998900
-0.021200 -0.096200 0.995100
0.033000 -0.028700 0.999000
0.036200 -0.012500 0.999300
0.018900 -0.005600 0.999800
0.003500 -0.047100 0.998900
0.036200 -0.012500 0.999300
0.038600 -0.008400 0.999200
0.018600 -0.005000 0.999800
0.018900 -0.005600 0.999800
0.038600 -0.008400 0.999200
0.045000 0.009600 0.998900
0.026100 0.039700 0.998900
0.018600 -0.005000 0.999800
0.046300 0.054400 0.997400
0.029700 0.093900 0.995100
0.026100 0.039700 0.998900
0.045000 0.009600 0.998900
-0.064900 0.024700 -0.997600
-0.069400 0.011800 -0.997500
-0.069700 0.011900 -0.997500
-0.064600 0.024300 -0.997600
-0.024700 -0.064900 -0.997600
-0.011800 -0.069400 -0.997500
-0.011900 -0.069800 -0.997500
-0.024400 -0.064500 -0.997600
-0.046400 0.042800 -0.998000
-0.064900 0.024700 -0.997600
-0.064600 0.024300 -0.997600
-0.046200 0.042700 -0.998000
-0.042800 -0.046400 -0.998000
-0.024700 -0.064900 -0.997600
-0.024400 -0.064500 -0.997600
-0.042700 -0.046200 -0.998000
0.011700 0.069400 -0.997500
-0.014600 0.062300 -0.998000
-0.014300 0.063000 -0.997900
0.011900 0.069800 -0.997500
-0.014600 0.062300 -0.998000
-0.046400 0.042800 -0.998000
-0.046200 0.042700 -0.998000
-0.014300 0.063000 -0.997900
-0.069400 0.011800 -0.997500
-0.062300 -0.014500 -0.997900
-0.063000 -0.014300 -0.997900
-0.069700 0.011900 -0.997500
-0.062300 -0.014500 -0.997900
-0.042800 -0.046400 -0.998000
-0.042700 -0.046200 -0.998000
-0.063000 -0.014300 -0.997900
0.024800 0.064900 -0.997600
0.011700 0.069400 -0.997500
0.011900 0.069800 -0.997500
0.024400 0.064600 -0.997600
0.064900 -0.024800 -0.997600
0.069400 -0.011800 -0.997500
0.069700 -0.011900 -0.997500
0.064600 -0.024400 -0.997600
0.042900 0.046400 -0.998000
0.024800 0.064900 -0.997600
0.024400 0.064600 -0.997600
0.042700 0.046200 -0.998000
-0.011800 -0.069400 -0.997500
0.014600 -0.062300 -0.997900
0.014300 -0.063000 -0.997900
-0.011900 -0.069800 -0.997500
0.062300 0.014600 -0.998000
0.042900 0.046400 -0.998000
0.042700 0.046200 -0.998000
0.063000 0.014300 -0.997900
0.069400 -0.011800 -0.997500
0.062300 0.014600 -0.998000
0.063000 0.014300 -0.997900
0.069700 -0.011900 -0.997500
0.014600 -0.062300 -0.997900
0.046400 -0.042800 -0.998000
0.046300 -0.042700 -0.998000
0.014300 -0.063000 -0.997900
0.046400 -0.042800 -0.998000
0.064900 -0.024800 -0.997600
0.064600 -0.024400 -0.997600
0.046300 -0.042700 -0.998000
-0.982100 0.163100 0.094300
-0.932100 0.349900 0.093600
-0.931200 0.353000 0.090600
-0.982900 0.159900 0.091100
-0.163000 -0.982100 0.094100
-0.349900 -0.932000 0.094200
-0.353100 -0.931100 0.091000
-0.159900 -0.982900 0.091000
-0.931200 0.353000 0.090600
-0.932100 0.349900 0.093600
-0.726200 0.682100 0.085700
-0.723400 0.685500 0.082500
-0.353100 -0.931100 0.091000
-0.349900 -0.932000 0.094200
-0.682500 -0.725800 0.085700
-0.685800 -0.723100 0.082200
-0.227400 0.970000 0.085900
0.163300 0.982100 0.094200
0.160100 0.982900 0.091100
-0.232000 0.969200 0.082500
-0.726200 0.682100 0.085700
-0.227400 0.970000 0.085900
-0.232000 0.969200 0.082500
-0.723400 0.685500 0.082500
-0.970100 -0.227200 0.085900
-0.982100 0.163100 0.094300
-0.982900 0.159900 0.091100
-0.969200 -0.231900 0.082400
-0.682500 -0.725800 0.085700
-0.970100 -0.227200 0.085900
-0.969200 -0.231900 0.082400
-0.685800 -0.723100 0.082200
0.163300 0.982100 0.094200
0.349900 0.932000 0.094200
0.353100 0.931200 0.091000
0.160100 0.982900 0.091100
0.982200 -0.163100 0.093600
0.932000 -0.350200 0.093600
0.931100 -0.353200 0.090600
0.982900 -0.160000 0.090600
0.353100 0.931200 0.091000
0.349900 0.932000 0.094200
0.682300 0.726000 0.085800
0.685800 0.723100 0.082500
0.227600 -0.970000 0.085800
-0.163000 -0.982100 0.094100
-0.159900 -0.982900 0.091000
0.232200 -0.969200 0.082500
0.682300 0.726000 0.085800
0.970100 0.227300 0.085700
0.969300 0.231800 0.082500
0.685800 0.723100 0.082500
0.970100 0.227300 0.085700
0.982200 -0.163100 0.093600
0.982900 -0.160000 0.090600
0.969300 0.231800 0.082500
0.726100 -0.682300 0.085700
0.227600 -0.970000 0.085800
0.232200 -0.969200 0.082500
0.723200 -0.685700 0.082500
0.931100 -0.353200 0.090600
0.932000 -0.350200 0.093600
0.726100 -0.682300 0.085700
0.723200 -0.685700 0.082500
0.091500 -0.017700 0.995700
0.087800 -0.030100 0.995700
0.087900 -0.030100 0.995700
0.091100 -0.017700 0.995700
0.087800 -0.030100 0.995700
0.063500 -0.055700 0.996400
0.063800 -0.055800 0.996400
0.087900 -0.030100 0.995700
0.063500 -0.055700 0.996400
0.015100 -0.080800 0.996600
0.015300 -0.080700 0.996600
0.063800 -0.055800 0.996400
0.015100 -0.080800 0.996600
-0.017700 -0.091500 0.995700
-0.017700 -0.091200 0.995700
0.015300 -0.080700 0.996600
-0.017700 -0.091500 0.995700
-0.030200 -0.088000 0.995700
-0.030200 -0.088100 0.995700
-0.017700 -0.091200 0.995700
-0.030200 -0.088000 0.995700
-0.055800 -0.063400 0.996400
-0.055900 -0.063800 0.996400
-0.030200 -0.088100 0.995700
-0.055800 -0.063400 0.996400
-0.080700 -0.015200 0.996600
-0.080600 -0.015200 0.996600
-0.055900 -0.063800 0.996400
-0.080700 -0.015200 0.996600
-0.091200 0.017600 0.995700
-0.090900 0.017700 0.995700
-0.080600 -0.015200 0.996600
-0.091200 0.017600 0.995700
-0.088000 0.030200 0.995700
-0.088100 0.030200 0.995600
-0.090900 0.017700 0.995700
-0.088000 0.030200 0.995700
-0.063500 0.055800 0.996400
-0.063800 0.055900 0.996400
-0.088100 0.030200 0.995600
-0.063500 0.055800 0.996400
-0.015200 0.080700 0.996600
-0.015200 0.080600 0.996600
-0.063800 0.055900 0.996400
-0.015200 0.080700 0.996600
0.017700 0.091500 0.995700
0.017700 0.091100 0.995700
-0.015200 0.080600 0.996600
0.017700 0.091500 0.995700
0.030200 0.088000 0.995700
0.030200 0.088100 0.995600
0.017700 0.091100 0.995700
0.030200 0.088000 0.995700
0.055700 0.063400 0.996400
0.055800 0.063700 0.996400
0.030200 0.088100 0.995600
0.055700 0.063400 0.996400
0.080700 0.015200 0.996600
0.080600 0.015200 0.996600
0.055800 0.063700 0.996400
0.080700 0.015200 0.996600
0.091500 -0.017700 0.995700
0.091100 -0.017700 0.995700
0.080600 0.015200 0.996600
-0.559900 -0.825600 0.070000
-0.559900 -0.825600 0.070000
-0.559900 -0.825600 0.070000
-0.559900 -0.825600 0.070000
-0.009500 -0.145800 -0.989300
-0.009500 -0.145800 -0.989300
-0.009500 -0.145800 -0.989300
-0.009500 -0.145800 -0.989300
0.050300 -0.088800 -0.994800
0.050300 -0.088800 -0.994800
0.050300 -0.088800 -0.994800
0.050300 -0.088800 -0.994800
0.129200 -0.064000 -0.989500
0.129200 -0.064000 -0.989500
0.129200 -0.064000 -0.989500
0.129200 -0.064000 -0.989500
0.994800 0.074100 0.070600
0.994800 0.074100 0.070600
0.994800 0.074100 0.070600
0.994800 0.074100 0.070600
-0.137200 0.060800 0.988700
-0.137200 0.060800 0.988700
-0.137200 0.060800 0.988700
-0.137200 0.060800 0.988700
-0.050100 0.087800 0.994900
-0.050100 0.087800 0.994900
-0.050100 0.087800 0.994900
-0.050100 0.087800 0.994900
0.016600 0.151800 0.988300
0.016600 0.151800 0.988300
0.016600 0.151800 0.988300
0.016600 0.151800 0.988300
</float_array>
          <technique_common>
            <accessor source="#FoodContainer4Top-Normal0-array" count="728" stride="3">
              <param name="X" type="float"/>
              <param name="Y" type="float"/>
              <param name="Z" type="float"/>
            </accessor>
          </technique_common>
        </source>
        <source id="FoodContainer4Top-UV0">
          <float_array id="FoodContainer4Top-UV0-array" count="404">
0.566500 0.960200
0.936600 0.958100
0.947300 0.972100
0.556000 0.974500
0.960600 0.931000
0.957700 0.436800
0.971100 0.424900
0.974400 0.942400
0.553500 0.956000
0.541300 0.969800
0.957000 0.944600
0.970600 0.957400
0.542000 0.933600
0.545800 0.947200
0.532400 0.960200
0.528300 0.945200
0.949500 0.953600
0.961900 0.967100
0.525500 0.427700
0.539200 0.439300
0.933400 0.410400
0.563500 0.412500
0.553000 0.398300
0.944100 0.396400
0.542900 0.425700
0.529500 0.412700
0.953900 0.423400
0.967100 0.410200
0.550500 0.416900
0.538300 0.403100
0.946300 0.414700
0.958500 0.401000
0.950100 0.987500
0.553500 0.989900
0.986500 0.422000
0.990300 0.944400
0.533300 0.982500
0.983800 0.964900
0.519400 0.968100
0.512500 0.947800
0.970200 0.979600
0.509700 0.425200
0.550500 0.382800
0.947000 0.381400
0.516500 0.404900
0.980000 0.402100
0.530300 0.390400
0.966700 0.388400
0.569300 0.950200
0.933600 0.948100
0.950700 0.927700
0.948000 0.440400
0.560200 0.947600
0.947400 0.938600
0.551800 0.930100
0.555300 0.940900
0.942600 0.945400
0.549000 0.442700
0.930500 0.420400
0.566300 0.422500
0.552500 0.431900
0.944400 0.429600
0.557300 0.425100
0.939600 0.423000
0.929100 0.440800
0.931800 0.927700
0.570700 0.929800
0.568000 0.442900
0.941700 0.927600
0.939000 0.440800
0.558100 0.443000
0.560800 0.929800
0.056400 0.975900
0.067400 0.956900
0.436400 0.957200
0.447500 0.976200
0.025900 0.426200
0.044300 0.438200
0.044200 0.931400
0.025900 0.943300
0.449200 0.953400
0.463600 0.971400
0.047400 0.944800
0.030000 0.960000
0.473900 0.960300
0.456400 0.945100
0.459700 0.931700
0.478000 0.943700
0.040300 0.971100
0.054600 0.953200
0.478300 0.426600
0.459900 0.438600
0.447800 0.394000
0.436700 0.413000
0.067700 0.412700
0.056700 0.393500
0.456700 0.425100
0.474200 0.410000
0.030100 0.409500
0.047600 0.424800
0.449500 0.416800
0.464000 0.398900
0.040400 0.398400
0.054800 0.416500
0.054500 0.988500
0.449400 0.988800
0.450500 0.994600
0.053400 0.994400
0.005700 0.425200
0.012600 0.423900
0.012900 0.945400
0.007000 0.946600
0.469700 0.981300
0.472900 0.986100
0.019800 0.966000
0.014900 0.969100
0.484100 0.966200
0.490900 0.945600
0.496800 0.946600
0.489000 0.969200
0.034200 0.981000
0.031000 0.985900
0.491200 0.424800
0.497200 0.423800
0.450000 0.381400
0.054500 0.380600
0.055700 0.373700
0.451300 0.375500
0.484500 0.404200
0.489500 0.401200
0.013100 0.391000
0.009800 0.403400
0.003700 0.403100
0.008000 0.387900
0.470300 0.389000
0.473500 0.384300
0.021800 0.382000
0.018600 0.376900
0.033400 0.372100
0.033900 0.378200
0.433500 0.946600
0.070300 0.946300
0.054200 0.927900
0.054300 0.441700
0.442200 0.944200
0.057600 0.938300
0.449700 0.928200
0.446300 0.938600
0.061700 0.944000
0.449900 0.442000
0.070500 0.423300
0.433800 0.423600
0.446500 0.431600
0.057700 0.431300
0.442400 0.426000
0.061900 0.425700
0.432300 0.928000
0.071600 0.927800
0.071800 0.441900
0.432500 0.442100
0.061100 0.927800
0.061300 0.441800
0.442900 0.442100
0.442700 0.928100
0.951100 0.992900
0.552700 0.995500
0.991200 0.420100
0.996000 0.945100
0.530400 0.987200
0.988700 0.967700
0.514600 0.971000
0.506800 0.948700
0.973200 0.984300
0.504000 0.424400
0.549700 0.377300
0.948900 0.376800
0.511700 0.402000
0.984500 0.399200
0.527400 0.385700
0.969700 0.384000
0.449300 0.987400
0.054600 0.987200
0.014400 0.945000
0.014400 0.424400
0.469200 0.980200
0.020800 0.965400
0.489400 0.945400
0.483000 0.965600
0.034700 0.980000
0.489700 0.425000
0.054900 0.382200
0.449700 0.382800
0.483400 0.404700
0.020800 0.404100
0.469700 0.390000
0.034800 0.389400
0.034000 0.388200
0.019700 0.403200
0.991700 0.387000
0.995400 0.399800
0.982000 0.377000
0.969400 0.372900
</float_array>
          <technique_common>
            <accessor source="#FoodContainer4Top-UV0-array" count="202" stride="2">
              <param name="S" type="float"/>
              <param name="T" type="float"/>
            </accessor>
          </technique_common>
        </source>
        <vertices id="FoodContainer4Top-VERTEX">
          <input semantic="POSITION" source="#FoodContainer4Top-POSITION"/>
        </vertices>
        <polylist count="182" material="FoodContainer4Top"><input semantic="VERTEX" offset="0" source="#FoodContainer4Top-VERTEX"/><input semantic="NORMAL" offset="1" source="#FoodContainer4Top-Normal0"/><input semantic="TEXCOORD" offset="2" set="0" source="#FoodContainer4Top-UV0"/><vcount>4 4 4 4 4 4 4 4 4 4 4 4 4 4 4 4 4 4 4 4 4 4 4 4 4 4 4 4 4 4 4 4 4 4 4 4 4 4 4 4 4 4 4 4 4 4 4 4 4 4 4 4 4 4 4 4 4 4 4 4 4 4 4 4 4 4 4 4 4 4 4 4 4 4 4 4 4 4 4 4 4 4 4 4 4 4 4 4 4 4 4 4 4 4 4 4 4 4 4 4 4 4 4 4 4 4 4 4 4 4 4 4 4 4 4 4 4 4 4 4 4 4 4 4 4 4 4 4 4 4 4 4 4 4 4 4 4 4 4 4 4 4 4 4 4 4 4 4 4 4 4 4 4 4 4 4 4 4 4 4 4 4 4 4 4 4 4 4 4 4 4 4 4 4 4 4 4 4 4 4 4 4 </vcount><p> 0 0 0 1 1 1 2 2 2 3 3 3 4 4 4 5 5 5 6 6 6 7 7 7 8 8 8 0 9 0 3 10 3 9 11 9 10 12 10 4 13 4 7 14 7 11 15 11 12 16 12 13 17 13 14 18 14 15 19 15 13 20 13 8 21 8 9 22 9 14 23 14 1 24 1 16 25 16 17 26 17 2 27 2 16 28 16 10 29 10 11 30 11 17 31 17 12 32 12 15 33 15 18 34 18 19 35 19 20 36 20 21 37 21 22 38 22 23 39 23 24 40 24 19 41 19 18 42 18 25 43 25 5 44 5 26 45 26 27 46 27 6 47 6 28 48 28 24 49 24 25 50 25 29 51 29 21 52 21 28 53 28 29 54 29 22 55 22 26 56 26 30 57 30 31 58 31 27 59 27 30 60 30 20 61 20 23 62 23 31 63 31 3 64 3 2 65 2 32 66 32 33 67 33 6 68 6 34 69 34 35 70 35 7 71 7 9 72 9 3 73 3 33 74 33 36 75 36 11 76 11 7 77 7 35 78 35 37 79 37 15 80 15 14 81 14 38 82 38 39 83 39 14 84 14 9 85 9 36 86 36 38 87 38 2 88 2 17 89 17 40 90 40 32 91 32 17 92 17 11 93 11 37 94 37 40 95 40 18 96 18 15 97 15 39 98 39 41 99 41 23 100 23 22 101 22 42 102 42 43 103 43 25 104 25 18 105 18 41 106 41 44 107 44 6 108 6 27 109 27 45 110 45 34 111 34 29 112 29 25 113 25 44 114 44 46 115 46 22 116 22 29 117 29 46 118 46 42 119 42 27 120 27 31 121 31 47 122 47 45 123 45 31 124 31 23 125 23 43 126 43 47 127 47 1 128 1 0 129 0 48 130 48 49 131 49 5 132 5 4 133 4 50 134 50 51 135 51 0 136 0 8 137 8 52 138 52 48 139 48 4 140 4 10 141 10 53 142 53 50 143 50 13 144 13 12 145 12 54 146 54 55 147 55 8 148 8 13 149 13 55 150 55 52 151 52 16 152 16 1 153 1 49 154 49 56 155 56 10 156 10 16 157 16 56 158 56 53 159 53 12 160 12 19 161 19 57 162 57 54 163 54 21 164 21 20 165 20 58 166 58 59 167 59 19 168 19 24 169 24 60 170 60 57 171 57 26 172 26 5 173 5 51 174 51 61 175 61 24 176 24 28 177 28 62 178 62 60 179 60 28 180 28 21 181 21 59 182 59 62 183 62 30 184 30 26 185 26 61 186 61 63 187 63 20 188 20 30 189 30 63 190 63 58 191 58 64 192 64 65 193 65 66 194 66 67 195 67 51 196 51 50 197 50 68 198 68 69 199 69 54 200 54 57 201 57 70 202 70 71 203 71 69 204 69 68 205 68 65 206 65 64 207 64 71 208 71 70 209 70 67 210 67 66 211 66 71 212 71 52 213 52 55 214 55 54 215 54 66 216 66 48 217 48 52 218 52 71 219 71 65 220 65 49 221 49 48 222 48 66 223 66 68 224 68 56 225 56 49 226 49 65 227 65 68 228 68 50 229 50 53 230 53 56 231 56 69 232 69 63 233 63 61 234 61 51 235 51 64 236 64 58 237 58 63 238 63 69 239 69 67 240 67 59 241 59 58 242 58 64 243 64 70 244 70 62 245 62 59 246 59 67 247 67 70 248 70 57 249 57 60 250 60 62 251 62 72 252 72 73 253 73 74 254 74 75 255 75 76 256 76 77 257 77 78 258 78 79 259 79 75 260 75 74 261 74 80 262 80 81 263 81 79 264 79 78 265 78 82 266 82 83 267 83 84 268 84 85 269 85 86 270 86 87 271 87 81 272 81 80 273 80 85 274 85 84 275 84 88 276 88 89 277 89 73 278 73 72 279 72 83 280 83 82 281 82 89 282 89 88 283 88 90 284 90 87 285 87 86 286 86 91 287 91 92 288 92 93 289 93 94 290 94 95 291 95 90 292 90 91 293 91 96 294 96 97 295 97 98 296 98 99 297 99 77 298 77 76 299 76 97 300 97 96 301 96 100 302 100 101 303 101 101 304 101 100 305 100 93 306 93 92 307 92 102 308 102 103 309 103 99 310 99 98 311 98 95 312 95 94 313 94 103 314 103 102 315 102 104 316 104 105 317 105 106 318 106 107 319 107 108 320 108 109 321 109 110 322 110 111 323 111 106 324 106 105 325 105 112 326 112 113 327 113 111 328 111 110 329 110 114 330 114 115 331 115 116 332 116 117 333 117 118 334 118 119 335 119 112 336 112 116 337 116 119 338 119 113 339 113 120 340 120 104 341 104 107 342 107 121 343 121 114 344 114 120 345 120 121 346 121 115 347 115 117 348 117 122 349 122 123 350 123 118 351 118 124 352 124 125 353 125 126 354 126 127 355 127 123 356 123 122 357 122 128 358 128 129 359 129 130 360 130 131 361 131 132 362 132 133 363 133 128 364 128 134 365 134 135 366 135 129 367 129 134 368 134 124 369 124 127 370 127 135 371 135 136 372 136 130 373 130 133 374 133 137 375 137 138 376 138 139 377 139 136 378 136 137 379 137 140 380 140 74 381 74 73 382 73 141 383 141 142 384 142 78 385 78 77 386 77 143 387 143 144 388 144 80 389 80 74 390 74 140 391 140 145 392 145 82 393 82 78 394 78 142 395 142 146 396 146 86 397 86 85 398 85 147 399 147 147 400 147 85 401 85 80 402 80 144 403 144 141 404 141 73 405 73 89 406 89 148 407 148 148 408 148 89 409 89 82 410 82 145 411 145 149 412 149 91 413 91 86 414 86 146 415 146 150 416 150 94 417 94 93 418 93 151 419 151 152 420 152 96 421 96 91 422 91 149 423 149 143 424 143 77 425 77 99 426 99 153 427 153 154 428 154 100 429 100 96 430 96 152 431 152 151 432 151 93 433 93 100 434 100 154 435 154 153 436 153 99 437 99 103 438 103 155 439 155 155 440 155 103 441 103 94 442 94 150 443 150 156 444 156 157 445 157 158 446 158 159 447 159 160 448 160 142 449 142 143 450 143 161 451 161 162 452 162 149 453 149 146 454 146 163 455 163 157 456 157 160 457 160 161 458 161 158 459 158 159 460 159 162 461 162 163 462 163 156 463 156 147 464 147 144 465 144 163 466 163 146 467 146 144 468 144 140 469 140 156 470 156 163 471 163 140 472 140 141 473 141 157 474 157 156 475 156 141 476 141 148 477 148 160 478 160 157 479 157 145 480 145 142 481 142 160 482 160 148 483 148 153 484 153 155 485 155 161 486 161 143 487 143 155 488 155 150 489 150 158 490 158 161 491 161 150 492 150 151 493 151 159 494 159 158 495 158 151 496 151 154 497 154 162 498 162 159 499 159 152 500 152 149 501 149 162 502 162 154 503 154 33 504 33 32 505 32 107 506 164 106 507 165 35 508 35 34 509 34 108 510 166 111 511 167 36 512 36 33 513 33 106 514 165 113 515 168 37 516 37 35 517 35 111 518 167 115 519 169 39 520 39 38 521 38 119 522 170 118 523 171 38 524 38 36 525 36 113 526 168 119 527 170 32 528 32 40 529 40 121 530 172 107 531 164 40 532 40 37 533 37 115 534 169 121 535 172 41 536 41 39 537 39 118 538 171 123 539 173 43 540 43 42 541 42 127 542 174 126 543 175 44 544 44 41 545 41 123 546 173 129 547 176 34 548 34 45 549 45 164 550 177 108 551 166 46 552 46 44 553 44 129 554 176 135 555 178 42 556 42 46 557 46 135 558 178 127 559 174 45 560 45 47 561 47 165 562 179 164 563 177 47 564 47 43 565 43 126 566 175 165 567 179 72 568 72 75 569 75 166 570 180 167 571 181 76 572 76 79 573 79 168 574 182 169 575 183 166 576 180 75 577 75 81 578 81 170 579 184 168 580 182 79 581 79 83 582 83 171 583 185 84 584 84 87 585 87 172 586 186 173 587 187 81 588 81 84 589 84 173 590 187 170 591 184 88 592 88 72 593 72 167 594 181 174 595 188 83 596 83 88 597 88 174 598 188 171 599 185 87 600 87 90 601 90 175 602 189 172 603 186 92 604 92 95 605 95 176 606 190 177 607 191 175 608 189 90 609 90 97 610 97 178 611 192 98 612 98 76 613 76 169 614 183 179 615 193 97 616 97 101 617 101 180 618 194 178 619 192 101 620 101 92 621 92 177 622 191 180 623 194 102 624 102 98 625 98 179 626 193 181 627 195 176 628 190 95 629 95 102 630 102 181 631 195 167 632 181 166 633 180 105 634 105 104 635 104 166 636 180 170 637 184 112 638 112 105 639 105 170 640 184 173 641 187 116 642 116 112 643 112 173 644 187 172 645 186 117 646 117 116 647 116 172 648 186 175 649 189 122 650 122 117 651 117 175 652 189 178 653 192 128 654 128 122 655 122 178 656 192 180 657 194 134 658 134 128 659 128 180 660 194 177 661 191 124 662 124 134 663 134 177 664 191 176 665 190 125 666 125 124 667 124 176 668 190 181 669 195 182 670 196 125 671 125 181 672 195 179 673 193 183 674 197 182 675 196 179 676 193 169 677 183 109 678 109 183 679 197 169 680 183 168 681 182 110 682 110 109 683 109 168 684 182 171 685 185 114 686 114 110 687 110 171 688 185 174 689 188 120 690 120 114 691 114 174 692 188 167 693 181 104 694 104 120 695 120 109 696 109 108 697 108 132 698 132 131 699 131 108 700 166 164 701 177 133 702 198 132 703 199 164 704 177 165 705 179 137 706 200 133 707 198 165 708 179 126 709 175 138 710 201 137 711 200 126 712 126 125 713 125 139 714 139 138 715 138 125 716 125 182 717 196 136 718 136 139 719 139 182 720 196 183 721 197 130 722 130 136 723 136 183 724 197 109 725 109 131 726 131 130 727 130</p></polylist>
      </mesh>
    </geometry>
    <geometry id="FoodContainer4-lib" name="FoodContainer4Mesh">
      <mesh>
        <source id="FoodContainer4-POSITION">
          <float_array id="FoodContainer4-POSITION-array" count="720">
-2.966300 -1.980600 -0.842200
-3.090800 -2.104400 2.927200
-3.090800 2.104400 2.927200
-2.966300 1.977800 -0.842200
-2.681700 2.262400 -0.842200
-2.839800 2.230800 -0.842200
-2.964300 2.357400 2.927200
-2.806200 2.389000 2.927200
-2.806200 -2.389000 2.927200
-2.964300 -2.357400 2.927200
-2.839800 -2.233500 -0.842200
-2.681700 -2.265200 -0.842200
-2.934700 2.135900 -0.842200
-3.059200 2.262600 2.927200
-3.059200 -2.262500 2.927200
-2.934700 -2.138700 -0.842200
-2.866200 -1.987800 -0.978400
-2.930400 -1.977600 -0.931700
-2.930400 1.974800 -0.931700
-2.866200 1.985000 -0.978400
-2.672700 2.232500 -0.931700
-2.819100 2.203200 -0.931700
-2.901200 -2.123900 -0.931700
-2.901200 2.121200 -0.931700
-2.819100 -2.206000 -0.931700
-2.672700 -2.235300 -0.931700
-2.687600 2.163600 -0.978400
-2.799700 2.141200 -0.978400
-2.843800 -2.099800 -0.978400
-2.843800 2.097100 -0.978400
-2.799700 -2.143900 -0.978400
-2.687600 -2.166400 -0.978400
2.805700 2.389000 2.927200
2.681200 2.262400 -0.842200
2.681200 -2.265200 -0.842200
2.805700 -2.389000 2.927200
2.965800 -1.980600 -0.842200
2.965800 1.977800 -0.842200
3.090300 2.104400 2.927200
3.090300 -2.104400 2.927200
2.963800 2.357400 2.927200
2.839300 2.230800 -0.842200
2.839300 -2.233500 -0.842200
2.963800 -2.357400 2.927200
3.058600 2.262600 2.927200
2.934100 2.135900 -0.842200
2.934100 -2.138700 -0.842200
3.058600 -2.262500 2.927200
2.672200 -2.235300 -0.931700
2.865600 -1.987800 -0.978400
2.865600 1.985000 -0.978400
2.929800 1.974800 -0.931700
2.929800 -1.977600 -0.931700
2.672200 2.232500 -0.931700
2.818500 2.203200 -0.931700
2.900600 -2.123900 -0.931700
2.900600 2.121200 -0.931700
2.818500 -2.206000 -0.931700
2.687000 -2.166400 -0.978400
2.687000 2.163600 -0.978400
2.799100 2.141200 -0.978400
2.843200 -2.099800 -0.978400
2.843200 2.097100 -0.978400
2.799100 -2.143900 -0.978400
-3.236200 -2.219300 2.927200
-3.236200 2.219300 2.927200
2.935300 -2.520400 2.927200
-2.935200 -2.520400 2.927200
-3.202800 2.386600 2.927200
-3.102400 -2.487000 2.927200
-3.102400 2.487000 2.927200
-2.935200 2.520500 2.927200
-3.202800 -2.386600 2.927200
2.935300 2.520500 2.927200
3.236200 2.219300 2.927200
3.236200 -2.219300 2.927200
3.102500 2.487000 2.927200
3.102500 -2.487000 2.927200
3.202800 2.386600 2.927200
3.202800 -2.386600 2.927200
-3.236200 -2.219300 2.770200
-3.236200 2.219300 2.770200
-2.935200 -2.520400 2.770200
2.935300 -2.520400 2.770200
-3.202800 2.386600 2.770200
-3.102400 -2.487000 2.770200
-3.102400 2.487000 2.770200
-2.935200 2.520500 2.770200
-3.202800 -2.386600 2.770200
2.935300 2.520500 2.770200
3.236200 2.219300 2.770200
3.236200 -2.219300 2.770200
3.102500 2.487000 2.770200
3.102500 -2.487000 2.770200
3.202800 2.386600 2.770200
3.202800 -2.386600 2.770200
-2.673600 1.825900 -0.978400
-2.673600 -1.828600 -0.978400
-2.507000 1.990200 -0.978400
-2.611600 1.969600 -0.978400
-2.652700 -1.931700 -0.978400
-2.652700 1.929000 -0.978400
-2.611600 -1.972300 -0.978400
-2.507000 -1.992900 -0.978400
2.673100 1.825900 -0.978400
2.652100 1.929000 -0.978400
2.611000 1.969600 -0.978400
2.506500 1.990200 -0.978400
2.506500 -1.992900 -0.978400
2.611000 -1.972300 -0.978400
2.652100 -1.931700 -0.978400
2.673100 -1.828600 -0.978400
2.506500 -1.801000 -0.978400
-2.507000 -1.801000 -0.978400
-2.507000 1.798300 -0.978400
2.506500 1.798300 -0.978400
2.506500 1.891800 -0.978400
-2.507000 1.891800 -0.978400
-2.507000 -1.894600 -0.978400
2.506500 -1.894600 -0.978400
-3.065100 2.101900 2.956900
-3.065100 -2.101900 2.956900
-2.928100 -1.976800 -0.833500
-2.928100 1.974000 -0.833500
-2.952700 2.336200 2.958300
-2.821700 2.196700 -0.834700
-2.677900 2.223800 -0.835700
-2.803500 2.362400 2.956000
-2.821700 -2.199400 -0.834700
-2.952700 -2.336200 2.958300
-2.803500 -2.362400 2.956000
-2.677900 -2.226500 -0.835700
-3.038200 2.251500 2.958600
-2.900800 2.117700 -0.833700
-2.900800 -2.120500 -0.833700
-3.038200 -2.251400 2.958600
-2.899200 1.971900 -0.907900
-2.899200 -1.974600 -0.907900
-2.853200 -1.986300 -0.941300
-2.853200 1.983500 -0.941300
-2.804400 2.174800 -0.908700
-2.669900 2.201000 -0.908300
-2.873100 -2.108900 -0.908600
-2.873100 2.106100 -0.908600
-2.669900 -2.203700 -0.908300
-2.804400 -2.177600 -0.908700
-2.792500 2.128800 -0.941700
-2.686200 2.151200 -0.941100
-2.831100 -2.092800 -0.941800
-2.831100 2.090000 -0.941800
-2.686200 -2.153900 -0.941100
-2.792500 -2.131600 -0.941700
2.677300 2.223800 -0.835700
2.802900 2.362400 2.956000
2.802900 -2.362400 2.956000
2.677300 -2.226500 -0.835700
3.064500 2.101900 2.956900
2.927600 1.974000 -0.833500
2.927600 -1.976800 -0.833500
3.064500 -2.101900 2.956900
2.952100 2.336200 2.958300
2.821100 2.196700 -0.834700
2.821100 -2.199400 -0.834700
2.952100 -2.336200 2.958300
3.037600 2.251500 2.958600
2.900300 2.117700 -0.833700
2.900300 -2.120500 -0.833700
3.037600 -2.251400 2.958600
2.669300 -2.203700 -0.908300
2.898600 1.971900 -0.907900
2.852600 1.983500 -0.941300
2.852600 -1.986300 -0.941300
2.898600 -1.974600 -0.907900
2.669300 2.201000 -0.908300
2.803800 2.174800 -0.908700
2.872500 -2.108900 -0.908600
2.872500 2.106100 -0.908600
2.803800 -2.177600 -0.908700
2.685600 -2.153900 -0.941100
2.685600 2.151200 -0.941100
2.791900 2.128800 -0.941700
2.830500 -2.092800 -0.941800
2.830500 2.090000 -0.941800
2.791900 -2.131600 -0.941700
-3.264700 2.222200 2.954200
-3.264700 -2.222100 2.954200
-2.938100 -2.549000 2.954200
2.938100 -2.549000 2.954200
-3.229200 2.400800 2.952700
-3.116600 -2.513400 2.952700
-2.938100 2.549000 2.954200
-3.116600 2.513500 2.952700
-3.229200 -2.400800 2.952700
2.938100 2.549000 2.954200
3.264800 -2.222100 2.954200
3.264800 2.222200 2.954200
3.116600 2.513500 2.952700
3.116600 -2.513400 2.952700
3.229300 2.400800 2.952700
3.229300 -2.400800 2.952700
-3.275400 2.223200 2.770200
-3.275400 -2.223200 2.770200
-2.939100 -2.559600 2.770200
2.939100 -2.559600 2.770200
-3.237500 2.405200 2.770200
-3.121000 -2.521700 2.770200
-2.939100 2.559600 2.770200
-3.121000 2.521700 2.770200
-3.237500 -2.405200 2.770200
2.939100 2.559600 2.770200
3.275400 -2.223200 2.770200
3.275400 2.223200 2.770200
3.121100 2.521700 2.770200
3.121100 -2.521700 2.770200
3.237500 2.405200 2.770200
3.237500 -2.405200 2.770200
-2.673600 -1.828600 -0.939000
-2.673600 1.825900 -0.939000
-2.611600 1.969600 -0.939000
-2.507000 1.990200 -0.939000
-2.652700 -1.931700 -0.939000
-2.652700 1.929000 -0.939000
-2.507000 -1.992900 -0.939000
-2.611600 -1.972300 -0.939000
2.652100 1.929000 -0.939000
2.673100 1.825900 -0.939000
2.611000 1.969600 -0.939000
2.506500 1.990200 -0.939000
2.506500 -1.992900 -0.939000
2.611000 -1.972300 -0.939000
2.652100 -1.931700 -0.939000
2.673100 -1.828600 -0.939000
-2.507000 1.798300 -0.939000
-2.507000 -1.801000 -0.939000
2.506500 -1.801000 -0.939000
2.506500 1.798300 -0.939000
-2.507000 1.891800 -0.939000
2.506500 1.891800 -0.939000
2.506500 -1.894600 -0.939000
-2.507000 -1.894600 -0.939000
</float_array>
          <technique_common>
            <accessor source="#FoodContainer4-POSITION-array" count="240" stride="3">
              <param name="X" type="float"/>
              <param name="Y" type="float"/>
              <param name="Z" type="float"/>
            </accessor>
          </technique_common>
        </source>
        <source id="FoodContainer4-Normal0">
          <float_array id="FoodContainer4-Normal0-array" count="2856">
-0.974000 -0.095200 -0.205600
-0.994300 -0.100200 -0.036100
-0.994300 0.100200 -0.036200
-0.974000 0.095200 -0.205700
-0.097800 0.978700 -0.180700
-0.465000 0.863000 -0.197700
-0.473200 0.879800 -0.045200
-0.100200 0.994300 -0.036700
-0.100300 -0.994300 -0.036000
-0.473500 -0.879700 -0.044500
-0.465100 -0.863000 -0.197100
-0.098000 -0.978700 -0.180300
-0.465000 0.863000 -0.197700
-0.864100 0.458200 -0.208100
-0.879500 0.473800 -0.045000
-0.473200 0.879800 -0.045200
-0.864100 0.458200 -0.208100
-0.974000 0.095200 -0.205700
-0.994300 0.100200 -0.036200
-0.879500 0.473800 -0.045000
-0.473500 -0.879700 -0.044500
-0.879700 -0.473500 -0.044600
-0.864000 -0.458600 -0.208000
-0.465100 -0.863000 -0.197100
-0.879700 -0.473500 -0.044600
-0.994300 -0.100200 -0.036100
-0.974000 -0.095200 -0.205600
-0.864000 -0.458600 -0.208000
-0.330300 -0.037400 -0.943100
-0.793800 -0.075000 -0.603500
-0.793900 0.075000 -0.603500
-0.330300 0.037300 -0.943100
-0.097800 0.978700 -0.180700
-0.072900 0.801300 -0.593800
-0.372300 0.722300 -0.582700
-0.465000 0.863000 -0.197700
-0.974000 -0.095200 -0.205600
-0.793800 -0.075000 -0.603500
-0.713500 -0.381700 -0.587500
-0.864000 -0.458600 -0.208000
-0.864100 0.458200 -0.208100
-0.713600 0.381900 -0.587300
-0.793900 0.075000 -0.603500
-0.974000 0.095200 -0.205700
-0.465000 0.863000 -0.197700
-0.372300 0.722300 -0.582700
-0.713600 0.381900 -0.587300
-0.864100 0.458200 -0.208100
-0.465100 -0.863000 -0.197100
-0.372500 -0.722400 -0.582600
-0.072900 -0.801400 -0.593700
-0.098000 -0.978700 -0.180300
-0.864000 -0.458600 -0.208000
-0.713500 -0.381700 -0.587500
-0.372500 -0.722400 -0.582600
-0.465100 -0.863000 -0.197100
-0.793800 -0.075000 -0.603500
-0.974000 -0.095200 -0.205600
-0.974000 0.095200 -0.205700
-0.793900 0.075000 -0.603500
-0.072900 0.801300 -0.593800
-0.036800 0.315500 -0.948200
-0.182700 0.313700 -0.931800
-0.372300 0.722300 -0.582700
-0.793800 -0.075000 -0.603500
-0.330300 -0.037400 -0.943100
-0.322300 -0.179800 -0.929400
-0.713500 -0.381700 -0.587500
-0.713600 0.381900 -0.587300
-0.322200 0.179900 -0.929400
-0.330300 0.037300 -0.943100
-0.793900 0.075000 -0.603500
-0.372300 0.722300 -0.582700
-0.182700 0.313700 -0.931800
-0.322200 0.179900 -0.929400
-0.713600 0.381900 -0.587300
-0.372500 -0.722400 -0.582600
-0.182700 -0.313300 -0.931900
-0.036900 -0.315500 -0.948200
-0.072900 -0.801400 -0.593700
-0.713500 -0.381700 -0.587500
-0.322300 -0.179800 -0.929400
-0.182700 -0.313300 -0.931900
-0.372500 -0.722400 -0.582600
0.100200 0.994300 -0.036700
0.097800 0.978700 -0.180800
-0.097800 0.978700 -0.180700
-0.100200 0.994300 -0.036700
-0.098000 -0.978700 -0.180300
0.098000 -0.978700 -0.180300
0.100300 -0.994300 -0.036000
-0.100300 -0.994300 -0.036000
0.973900 -0.095400 -0.206000
0.973900 0.095500 -0.206100
0.994300 0.100500 -0.036200
0.994300 -0.100500 -0.036100
0.097800 0.978700 -0.180800
0.100200 0.994300 -0.036700
0.473500 0.879700 -0.045200
0.465200 0.862800 -0.197900
0.100300 -0.994300 -0.036000
0.098000 -0.978700 -0.180300
0.465400 -0.862800 -0.197300
0.473700 -0.879500 -0.044500
0.465200 0.862800 -0.197900
0.473500 0.879700 -0.045200
0.879500 0.473800 -0.045000
0.864100 0.458200 -0.208200
0.864100 0.458200 -0.208200
0.879500 0.473800 -0.045000
0.994300 0.100500 -0.036200
0.973900 0.095500 -0.206100
0.473700 -0.879500 -0.044500
0.465400 -0.862800 -0.197300
0.863900 -0.458700 -0.208100
0.879700 -0.473500 -0.044600
0.879700 -0.473500 -0.044600
0.863900 -0.458700 -0.208100
0.973900 -0.095400 -0.206000
0.994300 -0.100500 -0.036100
-0.072900 -0.801400 -0.593700
0.073000 -0.801300 -0.593800
0.098000 -0.978700 -0.180300
-0.098000 -0.978700 -0.180300
0.330300 -0.037400 -0.943100
0.330300 0.037300 -0.943100
0.793600 0.075100 -0.603800
0.793500 -0.075000 -0.603900
-0.097800 0.978700 -0.180700
0.097800 0.978700 -0.180800
0.072900 0.801300 -0.593800
-0.072900 0.801300 -0.593800
0.097800 0.978700 -0.180800
0.465200 0.862800 -0.197900
0.372200 0.722300 -0.582900
0.072900 0.801300 -0.593800
0.973900 -0.095400 -0.206000
0.863900 -0.458700 -0.208100
0.713400 -0.381700 -0.587600
0.793500 -0.075000 -0.603900
0.864100 0.458200 -0.208200
0.973900 0.095500 -0.206100
0.793600 0.075100 -0.603800
0.713600 0.381800 -0.587400
0.465200 0.862800 -0.197900
0.864100 0.458200 -0.208200
0.713600 0.381800 -0.587400
0.372200 0.722300 -0.582900
0.465400 -0.862800 -0.197300
0.098000 -0.978700 -0.180300
0.073000 -0.801300 -0.593800
0.372500 -0.722200 -0.582800
0.863900 -0.458700 -0.208100
0.465400 -0.862800 -0.197300
0.372500 -0.722200 -0.582800
0.713400 -0.381700 -0.587600
-0.036900 -0.315500 -0.948200
0.036900 -0.315500 -0.948200
0.073000 -0.801300 -0.593800
-0.072900 -0.801400 -0.593700
0.793500 -0.075000 -0.603900
0.793600 0.075100 -0.603800
0.973900 0.095500 -0.206100
0.973900 -0.095400 -0.206000
-0.036800 0.315500 -0.948200
-0.072900 0.801300 -0.593800
0.072900 0.801300 -0.593800
0.036800 0.315400 -0.948200
0.072900 0.801300 -0.593800
0.372200 0.722300 -0.582900
0.182800 0.313700 -0.931800
0.036800 0.315400 -0.948200
0.793500 -0.075000 -0.603900
0.713400 -0.381700 -0.587600
0.322300 -0.179800 -0.929400
0.330300 -0.037400 -0.943100
0.713600 0.381800 -0.587400
0.793600 0.075100 -0.603800
0.330300 0.037300 -0.943100
0.322200 0.179900 -0.929400
0.372200 0.722300 -0.582900
0.713600 0.381800 -0.587400
0.322200 0.179900 -0.929400
0.182800 0.313700 -0.931800
0.372500 -0.722200 -0.582800
0.073000 -0.801300 -0.593800
0.036900 -0.315500 -0.948200
0.182700 -0.313300 -0.931900
0.713400 -0.381700 -0.587600
0.372500 -0.722200 -0.582800
0.182700 -0.313300 -0.931900
0.322300 -0.179800 -0.929400
0.000000 0.000000 -1.000000
0.000000 0.000000 -1.000000
0.000000 0.000000 -1.000000
0.000000 0.000000 -1.000000
0.000000 0.000000 -1.000000
0.000000 0.000000 -1.000000
0.000000 0.000000 -1.000000
0.000000 0.000000 -1.000000
0.000000 0.000000 -1.000000
0.000000 0.000000 -1.000000
0.000000 0.000000 -1.000000
0.000000 0.000000 -1.000000
0.000000 0.000000 -1.000000
0.000000 0.000000 -1.000000
0.000000 0.000000 -1.000000
0.000000 0.000000 -1.000000
0.000000 0.000000 -1.000000
0.000000 0.000000 -1.000000
0.000000 0.000000 -1.000000
0.000000 0.000000 -1.000000
0.000000 0.000000 -1.000000
0.000000 0.000000 -1.000000
0.000000 0.000000 -1.000000
0.000000 0.000000 -1.000000
0.000000 0.000000 -1.000000
0.000000 0.000000 -1.000000
0.000000 0.000000 -1.000000
0.000000 0.000000 -1.000000
0.000000 0.000000 -1.000000
0.000000 0.000000 -1.000000
0.000000 0.000000 -1.000000
0.000000 0.000000 -1.000000
0.000000 0.000000 -1.000000
0.000000 0.000000 -1.000000
0.000000 0.000000 -1.000000
0.000000 0.000000 -1.000000
0.000000 0.000000 -1.000000
0.000000 0.000000 -1.000000
0.000000 0.000000 -1.000000
0.000000 0.000000 -1.000000
0.000000 0.000000 -1.000000
0.000000 0.000000 -1.000000
0.000000 0.000000 -1.000000
0.000000 0.000000 -1.000000
0.000000 0.000000 -1.000000
0.000000 0.000000 -1.000000
0.000000 0.000000 -1.000000
0.000000 0.000000 -1.000000
0.000000 0.000000 -1.000000
0.000000 0.000000 -1.000000
0.000000 0.000000 -1.000000
0.000000 0.000000 -1.000000
0.000000 0.000000 -1.000000
0.000000 0.000000 -1.000000
0.000000 0.000000 -1.000000
0.000000 0.000000 -1.000000
0.000000 0.000000 -1.000000
0.000000 0.000000 -1.000000
0.000000 0.000000 -1.000000
0.000000 0.000000 -1.000000
0.000000 0.000000 -1.000000
0.000000 0.000000 -1.000000
0.000000 0.000000 -1.000000
0.000000 0.000000 -1.000000
0.995200 0.098400 0.000000
0.995200 -0.098400 0.000000
0.995200 -0.098400 0.000000
0.995200 0.098400 0.000000
0.098400 0.995100 0.000000
0.098400 0.995100 0.000000
-0.098400 0.995100 0.000000
-0.098400 0.995100 0.000000
0.995200 -0.098400 0.000000
0.881800 -0.471700 0.000000
0.881800 -0.471700 0.000000
0.995200 -0.098400 0.000000
0.098400 0.995100 0.000000
0.471800 0.881700 0.000000
0.471800 0.881700 0.000000
0.098400 0.995100 0.000000
0.472000 -0.881600 0.000000
0.098700 -0.995100 0.000000
0.098700 -0.995100 0.000000
0.472000 -0.881600 0.000000
0.881800 -0.471700 0.000000
0.472000 -0.881600 0.000000
0.472000 -0.881600 0.000000
0.881800 -0.471700 0.000000
0.881800 0.471700 0.000000
0.995200 0.098400 0.000000
0.995200 0.098400 0.000000
0.881800 0.471700 0.000000
0.471800 0.881700 0.000000
0.881800 0.471700 0.000000
0.881800 0.471700 0.000000
0.471800 0.881700 0.000000
0.098700 -0.995100 0.000000
-0.098700 -0.995100 0.000000
-0.098700 -0.995100 0.000000
0.098700 -0.995100 0.000000
-0.995200 -0.098400 0.000000
-0.995200 0.098400 0.000000
-0.995200 0.098400 0.000000
-0.995200 -0.098400 0.000000
-0.098700 -0.995100 0.000000
-0.472200 -0.881500 0.000000
-0.472200 -0.881500 0.000000
-0.098700 -0.995100 0.000000
-0.472000 0.881600 0.000000
-0.098400 0.995100 0.000000
-0.098400 0.995100 0.000000
-0.472000 0.881600 0.000000
-0.472200 -0.881500 0.000000
-0.881900 -0.471500 0.000000
-0.881900 -0.471500 0.000000
-0.472200 -0.881500 0.000000
-0.881900 -0.471500 0.000000
-0.995200 -0.098400 0.000000
-0.995200 -0.098400 0.000000
-0.881900 -0.471500 0.000000
-0.881900 0.471500 0.000000
-0.472000 0.881600 0.000000
-0.472000 0.881600 0.000000
-0.881900 0.471500 0.000000
-0.995200 0.098400 0.000000
-0.881900 0.471500 0.000000
-0.881900 0.471500 0.000000
-0.995200 0.098400 0.000000
0.000000 0.000000 -1.000000
0.000000 0.000000 -1.000000
-0.330300 -0.037400 -0.943100
-0.330300 0.037300 -0.943100
0.000000 0.000000 -1.000000
0.000000 0.000000 -1.000000
-0.182700 0.313700 -0.931800
-0.036800 0.315500 -0.948200
0.000000 0.000000 -1.000000
0.000000 0.000000 -1.000000
-0.322300 -0.179800 -0.929400
-0.330300 -0.037400 -0.943100
0.000000 0.000000 -1.000000
0.000000 0.000000 -1.000000
-0.330300 0.037300 -0.943100
-0.322200 0.179900 -0.929400
0.000000 0.000000 -1.000000
0.000000 0.000000 -1.000000
-0.322200 0.179900 -0.929400
-0.182700 0.313700 -0.931800
0.000000 0.000000 -1.000000
0.000000 0.000000 -1.000000
-0.036900 -0.315500 -0.948200
-0.182700 -0.313300 -0.931900
0.000000 0.000000 -1.000000
0.000000 0.000000 -1.000000
-0.182700 -0.313300 -0.931900
-0.322300 -0.179800 -0.929400
0.000000 0.000000 -1.000000
0.000000 0.000000 -1.000000
0.322200 0.179900 -0.929400
0.330300 0.037300 -0.943100
0.000000 0.000000 -1.000000
0.000000 0.000000 -1.000000
0.182800 0.313700 -0.931800
0.322200 0.179900 -0.929400
0.000000 0.000000 -1.000000
0.000000 0.000000 -1.000000
0.036800 0.315400 -0.948200
0.182800 0.313700 -0.931800
0.000000 0.000000 -1.000000
0.000000 0.000000 -1.000000
-0.036800 0.315500 -0.948200
0.036800 0.315400 -0.948200
0.000000 0.000000 -1.000000
0.000000 0.000000 -1.000000
0.036900 -0.315500 -0.948200
-0.036900 -0.315500 -0.948200
0.000000 0.000000 -1.000000
0.000000 0.000000 -1.000000
0.182700 -0.313300 -0.931900
0.036900 -0.315500 -0.948200
0.000000 0.000000 -1.000000
0.000000 0.000000 -1.000000
0.322300 -0.179800 -0.929400
0.182700 -0.313300 -0.931900
0.000000 0.000000 -1.000000
0.000000 0.000000 -1.000000
0.330300 -0.037400 -0.943100
0.322300 -0.179800 -0.929400
0.000000 0.000000 -1.000000
0.000000 0.000000 -1.000000
0.330300 0.037300 -0.943100
0.330300 -0.037400 -0.943100
0.000000 0.000000 -1.000000
0.000000 0.000000 -1.000000
0.000000 0.000000 -1.000000
0.000000 0.000000 -1.000000
0.000000 0.000000 -1.000000
0.000000 0.000000 -1.000000
0.000000 0.000000 -1.000000
0.000000 0.000000 -1.000000
0.000000 0.000000 -1.000000
0.000000 0.000000 -1.000000
0.000000 0.000000 -1.000000
0.000000 0.000000 -1.000000
0.000000 0.000000 -1.000000
0.000000 0.000000 -1.000000
0.000000 0.000000 -1.000000
0.000000 0.000000 -1.000000
0.000000 0.000000 -1.000000
0.000000 0.000000 -1.000000
0.000000 0.000000 -1.000000
0.000000 0.000000 -1.000000
0.000000 0.000000 -1.000000
0.000000 0.000000 -1.000000
0.000000 0.000000 -1.000000
0.000000 0.000000 -1.000000
0.000000 0.000000 -1.000000
0.000000 0.000000 -1.000000
0.000000 0.000000 -1.000000
0.000000 0.000000 -1.000000
0.000000 0.000000 -1.000000
0.000000 0.000000 -1.000000
0.000000 0.000000 -1.000000
0.000000 0.000000 -1.000000
0.000000 0.000000 -1.000000
0.000000 0.000000 -1.000000
0.000000 0.000000 -1.000000
0.000000 0.000000 -1.000000
0.000000 0.000000 -1.000000
0.000000 0.000000 -1.000000
0.000000 0.000000 -1.000000
0.000000 0.000000 -1.000000
0.000000 0.000000 -1.000000
0.000000 0.000000 -1.000000
0.000000 0.000000 -1.000000
0.000000 0.000000 -1.000000
0.000000 0.000000 -1.000000
0.000000 0.000000 -1.000000
0.000000 0.000000 -1.000000
0.000000 0.000000 -1.000000
0.000000 0.000000 -1.000000
0.000000 0.000000 -1.000000
0.000000 0.000000 -1.000000
0.000000 0.000000 -1.000000
0.000000 0.000000 -1.000000
0.000000 0.000000 -1.000000
0.000000 0.000000 -1.000000
0.000000 0.000000 -1.000000
0.000000 0.000000 -1.000000
0.000000 0.000000 -1.000000
0.000000 0.000000 -1.000000
0.000000 0.000000 -1.000000
0.995100 -0.091100 0.039200
0.995100 0.091000 0.039000
0.975100 0.090900 0.202200
0.975200 -0.090500 0.201800
0.463200 -0.885000 0.048300
0.461900 -0.865100 0.195300
0.093800 -0.980200 0.174600
0.089100 -0.995200 0.039300
0.462200 0.865200 0.194400
0.463400 0.884900 0.048000
0.089300 0.995300 0.038900
0.093400 0.980400 0.173700
0.882400 -0.468100 0.048400
0.867000 -0.453800 0.205700
0.461900 -0.865100 0.195300
0.463200 -0.885000 0.048300
0.995100 -0.091100 0.039200
0.975200 -0.090500 0.201800
0.867000 -0.453800 0.205700
0.882400 -0.468100 0.048400
0.866900 0.454000 0.206100
0.882500 0.467900 0.047900
0.463400 0.884900 0.048000
0.462200 0.865200 0.194400
0.975100 0.090900 0.202200
0.995100 0.091000 0.039000
0.882500 0.467900 0.047900
0.866900 0.454000 0.206100
0.798000 -0.070500 0.598500
0.797700 0.072000 0.598800
0.329700 0.037700 0.943300
0.327200 -0.035400 0.944300
0.367100 -0.724800 0.583000
0.069500 -0.803500 0.591200
0.093800 -0.980200 0.174600
0.461900 -0.865100 0.195300
0.716400 0.378000 0.586400
0.797700 0.072000 0.598800
0.975100 0.090900 0.202200
0.866900 0.454000 0.206100
0.798000 -0.070500 0.598500
0.716100 -0.379200 0.586000
0.867000 -0.453800 0.205700
0.975200 -0.090500 0.201800
0.716100 -0.379200 0.586000
0.367100 -0.724800 0.583000
0.461900 -0.865100 0.195300
0.867000 -0.453800 0.205700
0.068100 0.803800 0.591000
0.368900 0.724800 0.581900
0.462200 0.865200 0.194400
0.093400 0.980400 0.173700
0.368900 0.724800 0.581900
0.716400 0.378000 0.586400
0.866900 0.454000 0.206100
0.462200 0.865200 0.194400
0.975200 -0.090500 0.201800
0.975100 0.090900 0.202200
0.797700 0.072000 0.598800
0.798000 -0.070500 0.598500
0.179700 -0.305600 0.935100
0.036700 -0.310300 0.949900
0.069500 -0.803500 0.591200
0.367100 -0.724800 0.583000
0.315900 0.176400 0.932300
0.329700 0.037700 0.943300
0.797700 0.072000 0.598800
0.716400 0.378000 0.586400
0.327200 -0.035400 0.944300
0.314100 -0.177300 0.932700
0.716100 -0.379200 0.586000
0.798000 -0.070500 0.598500
0.314100 -0.177300 0.932700
0.179700 -0.305600 0.935100
0.367100 -0.724800 0.583000
0.716100 -0.379200 0.586000
0.034600 0.307500 0.950900
0.180600 0.304200 0.935300
0.368900 0.724800 0.581900
0.068100 0.803800 0.591000
0.180600 0.304200 0.935300
0.315900 0.176400 0.932300
0.716400 0.378000 0.586400
0.368900 0.724800 0.581900
0.093800 -0.980200 0.174600
-0.093800 -0.980200 0.174600
-0.089100 -0.995200 0.039300
0.089100 -0.995200 0.039300
-0.089300 0.995300 0.038900
-0.093400 0.980400 0.173700
0.093400 0.980400 0.173700
0.089300 0.995300 0.038900
-0.995100 -0.091100 0.039200
-0.975100 -0.090500 0.202300
-0.975000 0.090900 0.202700
-0.995100 0.091000 0.038900
-0.463200 -0.885000 0.048300
-0.089100 -0.995200 0.039300
-0.093800 -0.980200 0.174600
-0.461700 -0.865200 0.195400
-0.461900 0.865300 0.194400
-0.093400 0.980400 0.173700
-0.089300 0.995300 0.038900
-0.463400 0.884900 0.048000
-0.882400 -0.468100 0.048400
-0.463200 -0.885000 0.048300
-0.461700 -0.865200 0.195400
-0.866800 -0.454000 0.206100
-0.995100 -0.091100 0.039200
-0.882400 -0.468100 0.048400
-0.866800 -0.454000 0.206100
-0.975100 -0.090500 0.202300
-0.866700 0.454100 0.206500
-0.461900 0.865300 0.194400
-0.463400 0.884900 0.048000
-0.882500 0.467900 0.047900
-0.975000 0.090900 0.202700
-0.866700 0.454100 0.206500
-0.882500 0.467900 0.047900
-0.995100 0.091000 0.038900
-0.093400 0.980400 0.173700
-0.068100 0.803800 0.591000
0.068100 0.803800 0.591000
0.093400 0.980400 0.173700
-0.797600 -0.070500 0.599000
-0.328000 -0.035200 0.944000
-0.328900 0.037900 0.943600
-0.797300 0.071900 0.599300
-0.069500 -0.803500 0.591200
-0.093800 -0.980200 0.174600
0.093800 -0.980200 0.174600
0.069500 -0.803500 0.591200
-0.367100 -0.724800 0.583000
-0.461700 -0.865200 0.195400
-0.093800 -0.980200 0.174600
-0.069500 -0.803500 0.591200
-0.716100 0.377900 0.586900
-0.866700 0.454100 0.206500
-0.975000 0.090900 0.202700
-0.797300 0.071900 0.599300
-0.797600 -0.070500 0.599000
-0.975100 -0.090500 0.202300
-0.866800 -0.454000 0.206100
-0.715800 -0.379200 0.586300
-0.715800 -0.379200 0.586300
-0.866800 -0.454000 0.206100
-0.461700 -0.865200 0.195400
-0.367100 -0.724800 0.583000
-0.068100 0.803800 0.591000
-0.093400 0.980400 0.173700
-0.461900 0.865300 0.194400
-0.368800 0.724800 0.582000
-0.368800 0.724800 0.582000
-0.461900 0.865300 0.194400
-0.866700 0.454100 0.206500
-0.716100 0.377900 0.586900
-0.068100 0.803800 0.591000
-0.034400 0.308700 0.950500
0.034600 0.307500 0.950900
0.068100 0.803800 0.591000
-0.975100 -0.090500 0.202300
-0.797600 -0.070500 0.599000
-0.797300 0.071900 0.599300
-0.975000 0.090900 0.202700
-0.069500 -0.803500 0.591200
0.069500 -0.803500 0.591200
0.036700 -0.310300 0.949900
-0.036900 -0.309200 0.950300
-0.179400 -0.305400 0.935200
-0.367100 -0.724800 0.583000
-0.069500 -0.803500 0.591200
-0.036900 -0.309200 0.950300
-0.315900 0.176100 0.932300
-0.716100 0.377900 0.586900
-0.797300 0.071900 0.599300
-0.328900 0.037900 0.943600
-0.328000 -0.035200 0.944000
-0.797600 -0.070500 0.599000
-0.715800 -0.379200 0.586300
-0.314000 -0.177600 0.932700
-0.314000 -0.177600 0.932700
-0.715800 -0.379200 0.586300
-0.367100 -0.724800 0.583000
-0.179400 -0.305400 0.935200
-0.034400 0.308700 0.950500
-0.068100 0.803800 0.591000
-0.368800 0.724800 0.582000
-0.180900 0.304400 0.935200
-0.180900 0.304400 0.935200
-0.368800 0.724800 0.582000
-0.716100 0.377900 0.586900
-0.315900 0.176100 0.932300
-0.015300 -0.002900 0.999900
-0.017800 0.003500 0.999800
-0.009600 -0.006400 0.999900
-0.017000 -0.000500 0.999900
0.004100 -0.012600 0.999900
-0.002600 -0.016400 0.999900
0.006100 -0.005200 1.000000
-0.000200 -0.014300 0.999900
-0.017700 0.008700 0.999800
-0.018300 0.015300 0.999700
-0.017800 0.003500 0.999800
-0.015300 -0.002900 0.999900
-0.004600 -0.018700 0.999800
-0.014900 -0.018600 0.999700
-0.002600 -0.016400 0.999900
0.004100 -0.012600 0.999900
0.000200 0.014300 0.999900
-0.006100 0.005200 1.000000
-0.010900 0.016400 0.999800
-0.002000 0.030400 0.999500
-0.002000 0.030400 0.999500
-0.010900 0.016400 0.999800
-0.018300 0.015300 0.999700
-0.017700 0.008700 0.999800
-0.017000 -0.000500 0.999900
-0.009600 -0.006400 0.999900
-0.017400 -0.011700 0.999800
-0.026100 -0.005300 0.999600
-0.026100 -0.005300 0.999600
-0.017400 -0.011700 0.999800
-0.014900 -0.018600 0.999700
-0.004600 -0.018700 0.999800
0.000200 0.014300 0.999900
-0.004100 0.012600 0.999900
0.002600 0.016400 0.999900
-0.006100 0.005200 1.000000
0.015200 0.002900 0.999900
0.017800 -0.003500 0.999800
0.009600 0.006400 0.999900
0.016900 0.000500 0.999900
0.004600 0.018700 0.999800
0.014800 0.018600 0.999700
0.002600 0.016400 0.999900
-0.004100 0.012600 0.999900
-0.000200 -0.014300 0.999900
0.006100 -0.005200 1.000000
0.010900 -0.016400 0.999800
0.002000 -0.030400 0.999500
0.026000 0.005300 0.999600
0.017400 0.011700 0.999800
0.014800 0.018600 0.999700
0.004600 0.018700 0.999800
0.016900 0.000500 0.999900
0.009600 0.006400 0.999900
0.017400 0.011700 0.999800
0.026000 0.005300 0.999600
0.002000 -0.030400 0.999500
0.010900 -0.016400 0.999800
0.018300 -0.015200 0.999700
0.017700 -0.008700 0.999800
0.017700 -0.008700 0.999800
0.018300 -0.015200 0.999700
0.017800 -0.003500 0.999800
0.015200 0.002900 0.999900
-0.993500 0.097800 0.058300
-0.993400 0.100200 0.056100
-0.993000 -0.102300 0.058400
-0.993400 -0.099900 0.056200
0.100100 -0.993400 0.055800
-0.098100 -0.993500 0.057800
-0.100300 -0.993400 0.055700
0.102300 -0.993100 0.057800
-0.880000 0.471900 0.053700
-0.878700 0.474600 0.051300
-0.993400 0.100200 0.056100
-0.993500 0.097800 0.058300
-0.472300 -0.879800 0.053500
-0.474700 -0.878600 0.051400
-0.100300 -0.993400 0.055700
-0.098100 -0.993500 0.057800
-0.100000 0.993400 0.055600
-0.102300 0.993100 0.057800
-0.472800 0.879500 0.053200
-0.470300 0.881000 0.051000
-0.470300 0.881000 0.051000
-0.472800 0.879500 0.053200
-0.878700 0.474600 0.051300
-0.880000 0.471900 0.053700
-0.993400 -0.099900 0.056200
-0.993000 -0.102300 0.058400
-0.879600 -0.472700 0.053700
-0.881100 -0.470200 0.051400
-0.881100 -0.470200 0.051400
-0.879600 -0.472700 0.053700
-0.474700 -0.878600 0.051400
-0.472300 -0.879800 0.053500
0.097800 0.993500 0.057800
0.100200 0.993400 0.055600
-0.102300 0.993100 0.057800
-0.100000 0.993400 0.055600
0.993500 -0.097700 0.057800
0.993400 -0.100200 0.055600
0.993100 0.102300 0.057800
0.993400 0.099900 0.055600
0.472100 0.879900 0.053400
0.474900 0.878600 0.051100
0.100200 0.993400 0.055600
0.097800 0.993500 0.057800
0.100100 -0.993400 0.055800
0.102300 -0.993100 0.057800
0.473100 -0.879400 0.053700
0.470400 -0.880900 0.051400
0.881100 0.470100 0.051000
0.879700 0.472600 0.053200
0.474900 0.878600 0.051100
0.472100 0.879900 0.053400
0.993400 0.099900 0.055600
0.993100 0.102300 0.057800
0.879700 0.472600 0.053200
0.881100 0.470100 0.051000
0.470400 -0.880900 0.051400
0.473100 -0.879400 0.053700
0.878700 -0.474700 0.051100
0.879800 -0.472300 0.053200
0.879800 -0.472300 0.053200
0.878700 -0.474700 0.051100
0.993400 -0.100200 0.055600
0.993500 -0.097700 0.057800
0.329700 0.037700 0.943300
-0.006600 -0.000600 1.000000
-0.006500 0.000400 1.000000
0.327200 -0.035400 0.944300
0.179700 -0.305600 0.935100
-0.003000 0.006800 1.000000
-0.000600 0.006700 1.000000
0.036700 -0.310300 0.949900
0.315900 0.176400 0.932300
-0.006500 -0.002900 1.000000
-0.006600 -0.000600 1.000000
0.329700 0.037700 0.943300
0.327200 -0.035400 0.944300
-0.006500 0.000400 1.000000
-0.005700 0.003200 1.000000
0.314100 -0.177300 0.932700
0.314100 -0.177300 0.932700
-0.005700 0.003200 1.000000
-0.003000 0.006800 1.000000
0.179700 -0.305600 0.935100
0.034600 0.307500 0.950900
-0.000300 -0.006600 1.000000
-0.003000 -0.005500 1.000000
0.180600 0.304200 0.935300
0.180600 0.304200 0.935300
-0.003000 -0.005500 1.000000
-0.006500 -0.002900 1.000000
0.315900 0.176400 0.932300
-0.314000 -0.177600 0.932700
0.006500 0.002900 1.000000
0.006600 0.000600 1.000000
-0.328000 -0.035200 0.944000
-0.179400 -0.305400 0.935200
0.003000 0.005500 1.000000
0.006500 0.002900 1.000000
-0.314000 -0.177600 0.932700
-0.036900 -0.309200 0.950300
0.000300 0.006600 1.000000
0.003000 0.005500 1.000000
-0.179400 -0.305400 0.935200
0.036700 -0.310300 0.949900
-0.000600 0.006700 1.000000
0.000300 0.006600 1.000000
-0.036900 -0.309200 0.950300
-0.034400 0.308700 0.950500
0.000600 -0.006700 1.000000
-0.000300 -0.006600 1.000000
0.034600 0.307500 0.950900
-0.180900 0.304400 0.935200
0.003000 -0.006800 1.000000
0.000600 -0.006700 1.000000
-0.034400 0.308700 0.950500
-0.315900 0.176100 0.932300
0.005700 -0.003200 1.000000
0.003000 -0.006800 1.000000
-0.180900 0.304400 0.935200
-0.328900 0.037900 0.943600
0.006500 -0.000400 1.000000
0.005700 -0.003200 1.000000
-0.315900 0.176100 0.932300
-0.328000 -0.035200 0.944000
0.006600 0.000600 1.000000
0.006500 -0.000400 1.000000
-0.328900 0.037900 0.943600
0.000000 0.000000 1.000000
0.000000 0.000000 1.000000
0.000000 0.000000 1.000000
0.000000 0.000000 1.000000
-0.000600 0.006700 1.000000
0.000000 0.000000 1.000000
0.000000 0.000000 1.000000
0.000300 0.006600 1.000000
0.000600 -0.006700 1.000000
0.000000 0.000000 1.000000
0.000000 0.000000 1.000000
-0.000300 -0.006600 1.000000
0.000000 0.000000 1.000000
0.000000 0.000000 1.000000
0.000000 0.000000 1.000000
0.000000 0.000000 1.000000
0.000000 0.000000 1.000000
0.000000 0.000000 1.000000
0.000000 0.000000 1.000000
0.000000 0.000000 1.000000
0.000000 0.000000 1.000000
-0.006500 -0.002900 1.000000
-0.003000 -0.005500 1.000000
-0.000300 -0.006600 1.000000
0.000000 0.000000 1.000000
0.000000 0.000000 1.000000
-0.006600 -0.000600 1.000000
-0.006500 -0.002900 1.000000
0.000000 0.000000 1.000000
0.000000 0.000000 1.000000
-0.006500 0.000400 1.000000
-0.006600 -0.000600 1.000000
0.000000 0.000000 1.000000
-0.005700 0.003200 1.000000
-0.006500 0.000400 1.000000
0.000000 0.000000 1.000000
0.000000 0.000000 1.000000
-0.000600 0.006700 1.000000
-0.003000 0.006800 1.000000
-0.005700 0.003200 1.000000
0.000000 0.000000 1.000000
0.006500 0.002900 1.000000
0.003000 0.005500 1.000000
0.000300 0.006600 1.000000
0.000000 0.000000 1.000000
0.000000 0.000000 1.000000
0.006600 0.000600 1.000000
0.006500 0.002900 1.000000
0.000000 0.000000 1.000000
0.000000 0.000000 1.000000
0.006500 -0.000400 1.000000
0.006600 0.000600 1.000000
0.000000 0.000000 1.000000
0.005700 -0.003200 1.000000
0.006500 -0.000400 1.000000
0.000000 0.000000 1.000000
0.000000 0.000000 1.000000
0.000600 -0.006700 1.000000
0.003000 -0.006800 1.000000
0.005700 -0.003200 1.000000
0.000000 0.000000 -1.000000
0.000000 0.000000 -1.000000
0.000000 0.000000 -1.000000
0.000000 0.000000 -1.000000
0.000000 0.000000 -1.000000
0.000000 0.000000 -1.000000
0.000000 0.000000 -1.000000
0.000000 0.000000 -1.000000
0.000000 0.000000 -1.000000
0.000000 0.000000 -1.000000
0.000000 0.000000 -1.000000
0.000000 0.000000 -1.000000
0.000000 0.000000 -1.000000
0.000000 0.000000 -1.000000
0.000000 0.000000 -1.000000
0.000000 0.000000 -1.000000
0.000000 0.000000 -1.000000
0.000000 0.000000 -1.000000
0.000000 0.000000 -1.000000
0.000000 0.000000 -1.000000
0.000000 0.000000 -1.000000
0.000000 0.000000 -1.000000
0.000000 0.000000 -1.000000
0.000000 0.000000 -1.000000
0.000000 0.000000 -1.000000
0.000000 0.000000 -1.000000
0.000000 0.000000 -1.000000
0.000000 0.000000 -1.000000
0.000000 0.000000 -1.000000
0.000000 0.000000 -1.000000
0.000000 0.000000 -1.000000
0.000000 0.000000 -1.000000
0.000000 0.000000 -1.000000
0.000000 0.000000 -1.000000
0.000000 0.000000 -1.000000
0.000000 0.000000 -1.000000
0.000000 0.000000 -1.000000
0.000000 0.000000 -1.000000
0.000000 0.000000 -1.000000
0.000000 0.000000 -1.000000
0.000000 0.000000 -1.000000
0.000000 0.000000 -1.000000
0.000000 0.000000 -1.000000
0.000000 0.000000 -1.000000
0.000000 0.000000 -1.000000
0.000000 0.000000 -1.000000
0.000000 0.000000 -1.000000
0.000000 0.000000 -1.000000
0.000000 0.000000 -1.000000
0.000000 0.000000 -1.000000
0.000000 0.000000 -1.000000
0.000000 0.000000 -1.000000
0.000000 0.000000 -1.000000
0.000000 0.000000 -1.000000
0.000000 0.000000 -1.000000
0.000000 0.000000 -1.000000
0.000000 0.000000 -1.000000
0.000000 0.000000 -1.000000
0.000000 0.000000 -1.000000
0.000000 0.000000 -1.000000
0.000000 0.000000 -1.000000
0.000000 0.000000 -1.000000
0.000000 0.000000 -1.000000
0.000000 0.000000 -1.000000
</float_array>
          <technique_common>
            <accessor source="#FoodContainer4-Normal0-array" count="952" stride="3">
              <param name="X" type="float"/>
              <param name="Y" type="float"/>
              <param name="Z" type="float"/>
            </accessor>
          </technique_common>
        </source>
        <source id="FoodContainer4-UV0">
          <float_array id="FoodContainer4-UV0-array" count="628">
0.570700 0.503700
0.592700 0.708600
0.362300 0.724900
0.355700 0.519100
0.332700 0.519300
0.340900 0.519900
0.342200 0.725900
0.331500 0.725100
0.024800 0.957300
0.016000 0.955900
0.034700 0.751300
0.043400 0.752200
0.347600 0.519900
0.351600 0.725800
0.609300 0.704600
0.602200 0.707200
0.579200 0.502500
0.586100 0.500800
0.570600 0.494200
0.570100 0.498500
0.355100 0.513800
0.353700 0.509600
0.332900 0.514100
0.340900 0.514800
0.578100 0.497600
0.347100 0.514700
0.036300 0.746100
0.044300 0.747200
0.584000 0.495400
0.334500 0.509700
0.341700 0.510600
0.577300 0.493500
0.346400 0.510600
0.037400 0.741700
0.043700 0.742700
0.580700 0.492200
0.024500 0.712000
0.040700 0.506600
0.335100 0.768300
0.331400 0.974000
0.358100 0.768200
0.573200 0.755500
0.592800 0.960600
0.362300 0.974000
0.015700 0.710700
0.032000 0.505800
0.343400 0.769000
0.342000 0.974900
0.588700 0.752700
0.609400 0.956800
0.602300 0.959300
0.581700 0.754400
0.350000 0.768900
0.351500 0.974800
0.335300 0.763100
0.356200 0.758800
0.573200 0.746000
0.572700 0.750300
0.357500 0.762900
0.041600 0.501600
0.033500 0.500500
0.349500 0.763800
0.580700 0.749500
0.586600 0.747300
0.343300 0.763800
0.337000 0.758800
0.040900 0.497100
0.034600 0.496200
0.348900 0.759600
0.579900 0.745400
0.583300 0.744100
0.344200 0.759600
0.599500 0.716900
0.358600 0.734000
0.336000 0.982600
0.016800 0.964200
0.350500 0.736000
0.007900 0.962100
0.344200 0.735900
0.336100 0.733600
0.608000 0.715800
0.614500 0.712700
0.016600 0.719000
0.599500 0.969000
0.358500 0.983100
0.007700 0.717000
0.344000 0.984900
0.614500 0.964900
0.608000 0.968000
0.350400 0.985000
0.601200 0.725500
0.359900 0.742600
0.015100 0.972600
0.334500 0.991200
0.351100 0.744400
0.005900 0.970600
0.343400 0.744300
0.334700 0.742200
0.610600 0.723700
0.617900 0.720700
0.014900 0.727400
0.601100 0.977600
0.359700 0.991700
0.005800 0.725400
0.343300 0.993400
0.617900 0.973000
0.610500 0.975900
0.350900 0.993400
0.724700 0.979000
0.973400 0.979000
0.984300 0.992100
0.713900 0.992100
0.713500 0.967700
0.714900 0.974800
0.703200 0.987600
0.701700 0.980000
0.980400 0.977600
0.991900 0.990600
0.717700 0.977600
0.706200 0.990600
0.983200 0.974800
0.984600 0.967700
0.996400 0.980000
0.994900 0.987600
0.724700 0.615100
0.717700 0.616500
0.706200 0.603500
0.713900 0.602000
0.714900 0.619300
0.703200 0.606500
0.713500 0.626500
0.701700 0.614200
0.984600 0.626500
0.996400 0.614200
0.983200 0.619300
0.994900 0.606500
0.980400 0.616500
0.991900 0.603500
0.973400 0.615100
0.984300 0.602000
0.971500 0.626500
0.971500 0.967700
0.726600 0.967700
0.726600 0.626500
0.720200 0.626500
0.720200 0.967700
0.977900 0.967700
0.977900 0.626500
0.257100 0.476200
0.034400 0.457500
0.058500 0.258300
0.266100 0.276000
0.276200 0.477500
0.278700 0.276900
0.285900 0.276400
0.286400 0.476800
0.580800 0.016000
0.597600 0.220700
0.589300 0.221800
0.573000 0.016600
0.267300 0.477400
0.273300 0.276800
0.051100 0.257100
0.025800 0.456200
0.019900 0.453600
0.045500 0.255500
0.266700 0.271800
0.059000 0.254100
0.058500 0.251100
0.267900 0.268900
0.278800 0.272700
0.285900 0.272300
0.051900 0.253100
0.273800 0.272600
0.572300 0.012600
0.579600 0.011700
0.047200 0.251300
0.278100 0.269800
0.284600 0.269300
0.052500 0.250300
0.274300 0.269700
0.573100 0.009400
0.579000 0.008600
0.049600 0.249100
0.568200 0.264700
0.583700 0.464800
0.284600 0.235000
0.283300 0.029400
0.026400 0.216900
0.049800 0.012500
0.262900 0.029200
0.254700 0.234600
0.592300 0.463800
0.575800 0.263800
0.275900 0.030000
0.274200 0.235900
0.598300 0.461600
0.581500 0.262600
0.018200 0.215500
0.042000 0.011500
0.270400 0.030000
0.265100 0.235700
0.283300 0.025200
0.050300 0.008200
0.049900 0.005200
0.264700 0.021900
0.263500 0.024800
0.567600 0.260700
0.574700 0.260000
0.270800 0.025700
0.043000 0.007100
0.579500 0.258400
0.276000 0.025700
0.281900 0.022100
0.568500 0.257500
0.574600 0.257000
0.271300 0.022700
0.044000 0.004100
0.577500 0.256000
0.275200 0.022700
0.260000 0.487900
0.027100 0.468100
0.597800 0.231600
0.280500 0.246500
0.267800 0.490000
0.607100 0.229400
0.282300 0.487900
0.274400 0.489900
0.018400 0.466600
0.011700 0.462700
0.591400 0.475000
0.257600 0.246600
0.018400 0.227200
0.600200 0.473900
0.272400 0.248700
0.607100 0.470200
0.009100 0.224800
0.265700 0.248700
0.258500 0.497800
0.025200 0.477800
0.599300 0.241300
0.281900 0.256600
0.267100 0.499400
0.609400 0.239200
0.283500 0.497800
0.275000 0.499400
0.015300 0.475400
0.007200 0.471600
0.592900 0.484800
0.256100 0.256700
0.016500 0.236900
0.602900 0.482800
0.273100 0.258400
0.611200 0.479300
0.006600 0.234500
0.264900 0.258400
0.713500 0.594400
0.723800 0.582600
0.963100 0.582600
0.973400 0.594400
0.982900 0.590400
0.972500 0.578500
0.973900 0.571700
0.984400 0.583400
0.706500 0.592900
0.717100 0.581200
0.969900 0.581200
0.980400 0.592900
0.702500 0.583400
0.713100 0.571700
0.714400 0.578500
0.704000 0.590400
0.980400 0.222200
0.969800 0.233900
0.963100 0.232500
0.973400 0.220800
0.982900 0.224700
0.972500 0.236600
0.984400 0.231700
0.973900 0.243400
0.702500 0.231700
0.713100 0.243400
0.704000 0.224700
0.714400 0.236600
0.706500 0.222200
0.717100 0.233900
0.713500 0.220800
0.723800 0.232500
0.961300 0.571700
0.725600 0.571700
0.725600 0.243400
0.961300 0.243400
0.967400 0.571700
0.967400 0.243400
0.719500 0.243400
0.719500 0.571700
0.601600 0.727600
0.360300 0.744700
0.334100 0.993200
0.014700 0.974600
0.351200 0.746600
0.004900 0.972600
0.343200 0.746500
0.334300 0.744200
0.611200 0.725800
0.619300 0.722300
0.014500 0.729500
0.601500 0.979700
0.360100 0.993700
0.004700 0.727400
0.343000 0.995500
0.619200 0.974600
0.611100 0.977900
0.351100 0.995600
</float_array>
          <technique_common>
            <accessor source="#FoodContainer4-UV0-array" count="314" stride="2">
              <param name="S" type="float"/>
              <param name="T" type="float"/>
            </accessor>
          </technique_common>
        </source>
        <vertices id="FoodContainer4-VERTEX">
          <input semantic="POSITION" source="#FoodContainer4-POSITION"/>
        </vertices>
        <polylist count="238" material="FoodContainer4"><input semantic="VERTEX" offset="0" source="#FoodContainer4-VERTEX"/><input semantic="NORMAL" offset="1" source="#FoodContainer4-Normal0"/><input semantic="TEXCOORD" offset="2" set="0" source="#FoodContainer4-UV0"/><vcount>4 4 4 4 4 4 4 4 4 4 4 4 4 4 4 4 4 4 4 4 4 4 4 4 4 4 4 4 4 4 4 4 4 4 4 4 4 4 4 4 4 4 4 4 4 4 4 4 4 4 4 4 4 4 4 4 4 4 4 4 4 4 4 4 4 4 4 4 4 4 4 4 4 4 4 4 4 4 4 4 4 4 4 4 4 4 4 4 4 4 4 4 4 4 4 4 4 4 4 4 4 4 4 4 4 4 4 4 4 4 4 4 4 4 4 4 4 4 4 4 4 4 4 4 4 4 4 4 4 4 4 4 4 4 4 4 4 4 4 4 4 4 4 4 4 4 4 4 4 4 4 4 4 4 4 4 4 4 4 4 4 4 4 4 4 4 4 4 4 4 4 4 4 4 4 4 4 4 4 4 4 4 4 4 4 4 4 4 4 4 4 4 4 4 4 4 4 4 4 4 4 4 4 4 4 4 4 4 4 4 4 4 4 4 4 4 4 4 4 4 4 4 4 4 4 4 4 4 4 4 4 4 4 4 4 4 4 4 </vcount><p> 0 0 0 1 1 1 2 2 2 3 3 3 4 4 4 5 5 5 6 6 6 7 7 7 8 8 8 9 9 9 10 10 10 11 11 11 5 12 5 12 13 12 13 14 13 6 15 6 12 16 12 3 17 3 2 18 2 13 19 13 9 20 14 14 21 15 15 22 16 10 23 17 14 24 15 1 25 1 0 26 0 15 27 16 16 28 18 17 29 19 18 30 20 19 31 21 4 32 4 20 33 22 21 34 23 5 35 5 0 36 0 17 37 19 22 38 24 15 39 16 12 40 12 23 41 25 18 42 20 3 43 3 5 44 5 21 45 23 23 46 25 12 47 12 10 48 10 24 49 26 25 50 27 11 51 11 15 52 16 22 53 24 24 54 28 10 55 17 17 56 19 0 57 0 3 58 3 18 59 20 20 60 22 26 61 29 27 62 30 21 63 23 17 64 19 16 65 18 28 66 31 22 67 24 23 68 25 29 69 32 19 70 21 18 71 20 21 72 23 27 73 30 29 74 32 23 75 25 24 76 26 30 77 33 31 78 34 25 79 27 22 80 24 28 81 31 30 82 35 24 83 28 32 84 36 33 85 37 4 86 4 7 87 7 11 88 11 34 89 38 35 90 39 8 91 8 36 92 40 37 93 41 38 94 42 39 95 43 33 96 37 32 97 36 40 98 44 41 99 45 35 100 39 34 101 38 42 102 46 43 103 47 41 104 48 40 105 49 44 106 50 45 107 51 45 108 51 44 109 50 38 110 42 37 111 41 43 112 47 42 113 46 46 114 52 47 115 53 47 116 53 46 117 52 36 118 40 39 119 43 25 120 27 48 121 54 34 122 38 11 123 11 49 124 55 50 125 56 51 126 57 52 127 58 4 128 4 33 129 37 53 130 59 20 131 22 33 132 37 41 133 45 54 134 60 53 135 59 36 136 40 46 137 52 55 138 61 52 139 58 45 140 51 37 141 41 51 142 57 56 143 62 41 144 48 45 145 51 56 146 62 54 147 63 42 148 46 34 149 38 48 150 54 57 151 64 46 152 52 42 153 46 57 154 64 55 155 61 31 156 34 58 157 65 48 158 54 25 159 27 52 160 58 51 161 57 37 162 41 36 163 40 26 164 29 20 165 22 53 166 59 59 167 66 53 168 59 54 169 60 60 170 67 59 171 66 52 172 58 55 173 61 61 174 68 49 175 55 56 176 62 51 177 57 50 178 56 62 179 69 54 180 63 56 181 62 62 182 69 60 183 70 57 184 64 48 185 54 58 186 65 63 187 71 55 188 61 57 189 64 63 190 71 61 191 68 64 192 72 65 193 73 2 194 2 1 195 1 66 196 74 67 197 75 8 198 8 35 199 39 65 200 73 68 201 76 13 202 13 2 203 2 67 204 75 69 205 77 9 206 9 8 207 8 70 208 78 71 209 79 7 210 7 6 211 6 68 212 76 70 213 78 6 214 6 13 215 13 72 216 80 64 217 72 1 218 1 14 219 15 69 220 81 72 221 80 14 222 15 9 223 14 73 224 82 32 225 36 7 226 7 71 227 79 74 228 83 75 229 84 39 230 43 38 231 42 73 232 82 76 233 85 40 234 44 32 235 36 77 236 86 66 237 74 35 238 39 43 239 47 76 240 87 78 241 88 44 242 50 40 243 49 78 244 88 74 245 83 38 246 42 44 247 50 79 248 89 77 249 86 43 250 47 47 251 53 75 252 84 79 253 89 47 254 53 39 255 43 80 256 90 81 257 91 65 258 73 64 259 72 82 260 92 67 261 75 66 262 74 83 263 93 81 264 91 84 265 94 68 266 76 65 267 73 82 268 92 85 269 95 69 270 77 67 271 75 86 272 96 87 273 97 71 274 79 70 275 78 84 276 94 86 277 96 70 278 78 68 279 76 88 280 98 80 281 90 64 282 72 72 283 80 85 284 99 88 285 98 72 286 80 69 287 81 87 288 97 89 289 100 73 290 82 71 291 79 90 292 101 91 293 102 75 294 84 74 295 83 89 296 100 92 297 103 76 298 85 73 299 82 93 300 104 83 301 93 66 302 74 77 303 86 92 304 105 94 305 106 78 306 88 76 307 87 94 308 106 90 309 101 74 310 83 78 311 88 95 312 107 93 313 104 77 314 86 79 315 89 91 316 102 95 317 107 79 318 89 75 319 84 96 320 108 97 321 109 16 322 110 19 323 111 98 324 112 99 325 113 27 326 114 26 327 115 97 328 109 100 329 116 28 330 117 16 331 110 101 332 118 96 333 108 19 334 111 29 335 119 99 336 113 101 337 118 29 338 119 27 339 114 102 340 120 103 341 121 31 342 122 30 343 123 100 344 116 102 345 120 30 346 123 28 347 117 104 348 124 105 349 125 62 350 126 50 351 127 105 352 125 106 353 128 60 354 129 62 355 126 106 356 128 107 357 130 59 358 131 60 359 129 107 360 130 98 361 112 26 362 115 59 363 131 103 364 121 108 365 132 58 366 133 31 367 122 108 368 132 109 369 134 63 370 135 58 371 133 109 372 134 110 373 136 61 374 137 63 375 135 110 376 136 111 377 138 49 378 139 61 379 137 111 380 138 104 381 124 50 382 127 49 383 139 112 384 140 113 385 141 114 386 142 115 387 143 116 388 144 117 389 145 98 390 112 107 391 130 118 392 146 119 393 147 108 394 132 103 395 121 115 396 143 114 397 142 117 398 145 116 399 144 113 400 141 112 401 140 119 402 147 118 403 146 102 404 120 100 405 116 118 406 146 103 407 121 97 408 109 113 409 141 118 410 146 100 411 116 96 412 108 114 413 142 113 414 141 97 415 109 96 416 108 101 417 118 117 418 145 114 419 142 99 420 113 98 421 112 117 422 145 101 423 118 106 424 128 105 425 125 116 426 144 107 427 130 104 428 124 115 429 143 116 430 144 105 431 125 111 432 138 112 433 140 115 434 143 104 435 124 111 436 138 110 437 136 119 438 147 112 439 140 109 440 134 108 441 132 119 442 147 110 443 136 120 444 148 121 445 149 122 446 150 123 447 151 124 448 152 125 449 153 126 450 154 127 451 155 128 452 156 129 453 157 130 454 158 131 455 159 132 456 160 133 457 161 125 458 153 124 459 152 120 460 148 123 461 151 133 462 161 132 463 160 134 464 162 135 465 163 129 466 164 128 467 165 122 468 150 121 469 149 135 470 163 134 471 162 136 472 166 137 473 167 138 474 168 139 475 169 140 476 170 141 477 171 126 478 154 125 479 153 142 480 172 137 481 167 122 482 150 134 483 162 136 484 166 143 485 173 133 486 161 123 487 151 143 488 173 140 489 170 125 490 153 133 491 161 144 492 174 145 493 175 128 494 156 131 495 159 145 496 176 142 497 172 134 498 162 128 499 165 123 500 151 122 501 150 137 502 167 136 503 166 146 504 177 147 505 178 141 506 171 140 507 170 148 508 179 138 509 168 137 510 167 142 511 172 139 512 169 149 513 180 143 514 173 136 515 166 149 516 180 146 517 177 140 518 170 143 519 173 150 520 181 151 521 182 145 522 175 144 523 174 151 524 183 148 525 179 142 526 172 145 527 176 126 528 154 152 529 184 153 530 185 127 531 155 154 532 186 155 533 187 131 534 159 130 535 158 156 536 188 157 537 189 158 538 190 159 539 191 160 540 192 153 541 185 152 542 184 161 543 193 162 544 194 155 545 187 154 546 186 163 547 195 164 548 196 160 549 192 161 550 193 165 551 197 156 552 188 164 553 198 165 554 199 157 555 189 166 556 200 162 557 194 163 558 195 167 559 201 158 560 190 166 561 200 167 562 201 159 563 191 155 564 187 168 565 202 144 566 174 131 567 159 169 568 203 170 569 204 171 570 205 172 571 206 173 572 207 152 573 184 126 574 154 141 575 171 174 576 208 161 577 193 152 578 184 173 579 207 175 580 209 166 581 200 158 582 190 172 583 206 169 584 203 157 585 189 165 586 199 176 587 210 176 588 211 165 589 197 161 590 193 174 591 208 168 592 202 155 593 187 162 594 194 177 595 212 177 596 212 162 597 194 166 598 200 175 599 209 168 600 202 178 601 213 150 602 181 144 603 174 157 604 189 169 605 203 172 606 206 158 607 190 173 608 207 141 609 171 147 610 178 179 611 214 180 612 215 174 613 208 173 614 207 179 615 214 181 616 216 175 617 209 172 618 206 171 619 205 170 620 204 169 621 203 176 622 210 182 623 217 182 624 218 176 625 211 174 626 208 180 627 215 178 628 213 168 629 202 177 630 212 183 631 219 183 632 219 177 633 212 175 634 209 181 635 216 120 636 148 184 637 220 185 638 221 121 639 149 130 640 158 186 641 222 187 642 223 154 643 186 132 644 160 188 645 224 184 646 220 120 647 148 129 648 157 189 649 225 186 650 222 130 651 158 127 652 155 190 653 226 191 654 227 124 655 152 124 656 152 191 657 227 188 658 224 132 659 160 121 660 149 185 661 221 192 662 228 135 663 163 135 664 163 192 665 228 189 666 229 129 667 164 127 668 155 153 669 185 193 670 230 190 671 226 159 672 191 194 673 231 195 674 232 156 675 188 160 676 192 196 677 233 193 678 230 153 679 185 154 680 186 187 681 223 197 682 234 163 683 195 164 684 196 198 685 235 196 686 233 160 687 192 156 688 188 195 689 232 198 690 236 164 691 198 163 692 195 197 693 234 199 694 237 167 695 201 167 696 201 199 697 237 194 698 231 159 699 191 184 700 220 200 701 238 201 702 239 185 703 221 187 704 223 186 705 222 202 706 240 203 707 241 188 708 224 204 709 242 200 710 238 184 711 220 189 712 225 205 713 243 202 714 240 186 715 222 190 716 226 206 717 244 207 718 245 191 719 227 191 720 227 207 721 245 204 722 242 188 723 224 185 724 221 201 725 239 208 726 246 192 727 228 192 728 228 208 729 246 205 730 247 189 731 229 193 732 230 209 733 248 206 734 244 190 735 226 194 736 231 210 737 249 211 738 250 195 739 232 196 740 233 212 741 251 209 742 248 193 743 230 187 744 223 203 745 241 213 746 252 197 747 234 198 748 235 214 749 253 212 750 251 196 751 233 195 752 232 211 753 250 214 754 254 198 755 236 197 756 234 213 757 252 215 758 255 199 759 237 199 760 237 215 761 255 210 762 249 194 763 231 138 764 256 216 765 257 217 766 258 139 767 259 146 768 260 218 769 261 219 770 262 147 771 263 148 772 264 220 773 265 216 774 257 138 775 256 139 776 259 217 777 258 221 778 266 149 779 267 149 780 267 221 781 266 218 782 261 146 783 260 150 784 268 222 785 269 223 786 270 151 787 271 151 788 271 223 789 270 220 790 265 148 791 264 182 792 272 224 793 273 225 794 274 170 795 275 180 796 276 226 797 277 224 798 273 182 799 272 179 800 278 227 801 279 226 802 277 180 803 276 147 804 263 219 805 262 227 806 279 179 807 278 178 808 280 228 809 281 222 810 269 150 811 268 183 812 282 229 813 283 228 814 281 178 815 280 181 816 284 230 817 285 229 818 283 183 819 282 171 820 286 231 821 287 230 822 285 181 823 284 170 824 275 225 825 274 231 826 287 171 827 286 232 828 288 233 829 289 234 830 290 235 831 291 219 832 262 236 833 292 237 834 293 227 835 279 228 836 281 238 837 294 239 838 295 222 839 269 236 840 292 232 841 288 235 842 291 237 843 293 238 844 294 234 845 290 233 846 289 239 847 295 239 848 295 220 849 265 223 850 270 222 851 269 239 852 295 233 853 289 216 854 257 220 855 265 233 856 289 232 857 288 217 858 258 216 859 257 236 860 292 221 861 266 217 862 258 232 863 288 236 864 292 219 865 262 218 866 261 221 867 266 237 868 293 224 869 273 226 870 277 227 871 279 237 872 293 235 873 291 225 874 274 224 875 273 235 876 291 234 877 290 231 878 287 225 879 274 238 880 294 230 881 285 231 882 287 234 883 290 238 884 294 228 885 281 229 886 283 230 887 285 201 888 296 200 889 297 81 890 91 80 891 90 203 892 298 202 893 299 82 894 92 83 895 93 200 896 297 204 897 300 84 898 94 81 899 91 202 900 299 205 901 301 85 902 95 82 903 92 207 904 302 206 905 303 87 906 97 86 907 96 204 908 300 207 909 302 86 910 96 84 911 94 208 912 304 201 913 296 80 914 90 88 915 98 205 916 305 208 917 304 88 918 98 85 919 99 206 920 303 209 921 306 89 922 100 87 923 97 211 924 307 210 925 308 91 926 102 90 927 101 209 928 306 212 929 309 92 930 103 89 931 100 213 932 310 203 933 298 83 934 93 93 935 104 212 936 311 214 937 312 94 938 106 92 939 105 214 940 312 211 941 307 90 942 101 94 943 106 215 944 313 213 945 310 93 946 104 95 947 107 210 948 308 215 949 313 95 950 107 91 951 102</p></polylist>
      </mesh>
    </geometry>
  </library_geometries>
  <library_visual_scenes>
    <visual_scene id="FoodContainer4" name="FoodContainer4">
      <node name="FoodContainer4Top" id="FoodContainer4Top" sid="FoodContainer4Top"><rotate sid="jointOrientX">1 0 0 -90.000000</rotate><scale sid="scale">0.025400 0.025400 0.025400</scale><instance_geometry url="#FoodContainer4Top-lib"><bind_material><technique_common><instance_material symbol="FoodContainer4Top" target="#FoodContainer4Top"/></technique_common></bind_material></instance_geometry><extra><technique profile="FCOLLADA"><visibility>1.000000</visibility></technique></extra></node>
      <node name="FoodContainer4" id="FoodContainer4" sid="FoodContainer4"><rotate sid="jointOrientX">1 0 0 -90.000000</rotate><scale sid="scale">0.025400 0.025400 0.025400</scale><instance_geometry url="#FoodContainer4-lib"><bind_material><technique_common><instance_material symbol="FoodContainer4" target="#FoodContainer4"/></technique_common></bind_material></instance_geometry><extra><technique profile="FCOLLADA"><visibility>1.000000</visibility></technique></extra></node>
      <extra><technique profile="MAX3D"><frame_rate>30.000000</frame_rate></technique><technique profile="FCOLLADA"><start_time>0.000000</start_time><end_time>3.333333</end_time></technique></extra>
    </visual_scene>
  </library_visual_scenes>
  <scene>
    <instance_visual_scene url="#FoodContainer4"></instance_visual_scene>
  </scene>
</COLLADA>
